user_played, instrument_name, velocity, pitch, start (s), end (s)
True,piano,49,71,0.0,0.17656297083333333
False,piano,49,47,0.0,2.848445095833333
True,piano,49,83,0.1875005,0.36406347083333335
True,piano,49,82,0.375001,0.5515639708333333
True,piano,49,83,0.5625015,0.7390644708333334
True,piano,49,78,0.750002,0.9265649708333333
True,piano,49,83,0.9375025,1.1140654708333333
True,piano,49,76,1.125003,1.3015659708333334
True,piano,49,83,1.3125035,1.4890664708333334
True,piano,49,75,1.500004,1.6765669708333333
True,piano,49,83,1.6875045,1.8640674708333334
True,piano,49,73,1.875005,2.051567970833333
True,piano,49,83,2.0625055,2.2390684708333333
True,piano,49,75,2.250006,2.4265689708333333
True,piano,49,83,2.4375065,2.6140694708333334
True,piano,49,76,2.625007,2.8015699708333335
True,piano,49,83,2.8125075,2.9890704708333335
True,piano,49,71,3.000008,3.176570970833333
False,piano,49,49,3.000008,5.848453095833333
True,piano,49,83,3.1875085,3.3640714708333332
True,piano,49,82,3.375009,3.5515719708333333
True,piano,49,94,3.375009,3.5515719708333333
True,piano,49,83,3.5625095,3.7390724708333334
True,piano,49,78,3.75001,3.9265729708333335
True,piano,49,90,3.75001,3.9265729708333335
True,piano,49,83,3.9375105,4.1140734708333335
True,piano,49,76,4.125011,4.301573970833333
True,piano,49,88,4.125011,4.301573970833333
True,piano,49,83,4.3125115,4.489074470833334
True,piano,49,75,4.500012,4.676574970833333
True,piano,49,87,4.500012,4.676574970833333
True,piano,49,83,4.6875125,4.864075470833333
True,piano,49,73,4.875013,5.051575970833333
True,piano,49,85,4.875013,5.051575970833333
True,piano,49,83,5.0625135,5.239076470833333
True,piano,49,75,5.250014,5.426576970833334
True,piano,49,87,5.250014,5.426576970833334
True,piano,49,83,5.4375145,5.614077470833333
True,piano,49,76,5.625015,5.801577970833334
True,piano,49,88,5.625015,5.801577970833334
True,piano,49,83,5.8125155,5.989078470833333
True,piano,49,71,6.000016,6.176578970833333
False,piano,49,51,6.000016,8.848461095833333
True,piano,49,83,6.1875165,6.3640794708333335
True,piano,49,82,6.375017,6.551579970833333
True,piano,49,94,6.375017,6.551579970833333
True,piano,49,83,6.5625175,6.739080470833334
True,piano,49,78,6.750018,6.926580970833333
True,piano,49,87,6.750018,6.926580970833333
True,piano,49,90,6.750018,6.926580970833333
True,piano,49,83,6.9375185,7.114081470833334
True,piano,49,76,7.125019,7.301581970833333
True,piano,49,85,7.125019,7.301581970833333
True,piano,49,88,7.125019,7.301581970833333
True,piano,49,83,7.3125195,7.489082470833333
True,piano,49,75,7.50002,7.6765829708333335
True,piano,49,83,7.50002,7.6765829708333335
True,piano,49,87,7.50002,7.6765829708333335
True,piano,49,83,7.6875205,7.864083470833333
True,piano,49,73,7.875021,8.051583970833333
True,piano,49,82,7.875021,8.051583970833333
True,piano,49,85,7.875021,8.051583970833333
True,piano,49,83,8.0625215,8.239084470833333
True,piano,49,75,8.250022,8.426584970833334
True,piano,49,83,8.250022,8.426584970833334
True,piano,49,87,8.250022,8.426584970833334
True,piano,49,83,8.4375225,8.614085470833333
True,piano,49,76,8.625023,8.801585970833333
True,piano,49,85,8.625023,8.801585970833333
True,piano,49,88,8.625023,8.801585970833333
True,piano,49,83,8.8125235,8.989086470833334
True,piano,49,71,9.000024,9.176586970833334
False,piano,49,52,9.000024,11.848469095833334
True,piano,47,83,9.1875245,9.364087470833333
True,piano,44,82,9.375025,9.551587970833333
True,piano,44,94,9.375025,9.551587970833333
True,piano,41,83,9.5625255,9.739088470833334
True,piano,39,78,9.750026,9.926588970833333
True,piano,39,90,9.750026,9.926588970833333
True,piano,36,83,9.9375265,10.114089470833333
True,piano,33,76,10.125027,11.904719245833334
True,piano,33,88,10.125027,11.904719245833334
True,piano,49,87,12.000032,12.710971395833333
False,piano,49,71,12.000032,12.176594970833333
False,piano,49,59,12.000032,14.848477095833333
False,piano,49,83,12.1875325,12.364095470833334
False,piano,49,82,12.375033,12.551595970833333
False,piano,49,83,12.5625335,12.739096470833333
True,piano,49,87,12.750034,13.460973395833333
False,piano,49,78,12.750034,12.926596970833334
False,piano,49,83,12.9375345,13.114097470833332
False,piano,49,76,13.125035,13.301597970833333
False,piano,49,83,13.3125355,13.489098470833333
True,piano,49,87,13.500036,14.210975395833334
False,piano,49,75,13.500036,14.210975395833334
True,piano,49,87,14.250038,14.604726445833334
True,piano,49,90,14.625039,15.692229345833333
False,piano,49,73,15.00004,15.176602970833333
False,piano,49,61,15.00004,17.848485095833333
False,piano,49,83,15.1875405,15.364103470833333
False,piano,49,82,15.375041,15.551603970833334
False,piano,49,83,15.5625415,15.739104470833333
True,piano,49,88,15.750042,16.104730445833333
False,piano,49,78,15.750042,16.460981395833333
True,piano,49,87,16.125043,16.479731445833334
True,piano,49,78,17.8125475,17.98911047083333
True,piano,49,87,18.000048,18.71098739583333
False,piano,49,75,18.000048,18.176610970833334
False,piano,49,63,18.000048,20.848493095833334
False,piano,49,83,18.1875485,18.364111470833333
False,piano,49,82,18.375049,18.551611970833335
False,piano,49,83,18.5625495,18.739112470833334
True,piano,49,87,18.75005,19.460989395833334
False,piano,49,78,18.75005,18.926612970833332
False,piano,49,83,18.9375505,19.114113470833335
False,piano,49,76,19.125051,19.301613970833333
False,piano,49,83,19.3125515,19.489114470833332
True,piano,49,87,19.500052,20.210991395833332
False,piano,49,75,19.500052,20.210991395833332
True,piano,49,87,20.250054,20.604742445833335
True,piano,49,88,20.625055,22.404747245833335
False,piano,49,76,21.000056,21.176618970833335
False,piano,49,64,21.000056,23.13599919583333
False,piano,49,83,21.1875565,21.364119470833334
False,piano,49,82,21.375056999999998,21.551619970833332
False,piano,49,83,21.5625575,21.739120470833335
False,piano,49,78,21.750058,22.460997395833335
False,piano,49,30,23.625063,23.979751445833333
True,piano,49,87,24.000064,24.711003395833334
False,piano,49,35,24.000064,24.000064
False,piano,49,23,24.000064,24.354752445833334
False,piano,49,35,24.000064,24.354752445833334
False,piano,49,71,24.1875645,24.364127470833335
False,piano,49,70,24.375065,24.551627970833334
False,piano,49,71,24.5625655,24.739128470833332
True,piano,49,87,24.750066,25.461005395833332
False,piano,49,66,24.750066,24.926628970833335
False,piano,49,71,24.9375665,25.114129470833333
False,piano,49,64,25.125067,25.301629970833332
False,piano,49,71,25.3125675,25.489130470833334
True,piano,49,87,25.500068,26.211007395833334
False,piano,49,63,25.500068,26.211007395833334
True,piano,49,87,26.25007,26.604758445833333
True,piano,49,90,26.625071,27.692261345833334
False,piano,49,37,27.000072,27.000072
False,piano,49,25,27.000072,27.35476044583333
False,piano,49,37,27.000072,27.35476044583333
False,piano,49,71,27.1875725,27.364135470833332
False,piano,49,70,27.375073,27.551635970833335
False,piano,49,37,27.375073,27.729761445833333
False,piano,49,71,27.5625735,27.739136470833333
True,piano,49,88,27.750074,28.104762445833334
False,piano,49,66,27.750074,28.461013395833334
False,piano,49,49,27.750074,28.104762445833334
True,piano,49,87,28.125075,28.479763445833335
False,piano,49,37,28.125075,28.836014395833335
False,piano,49,37,28.875077,29.586016395833333
True,piano,49,88,29.250078,29.604766445833334
True,piano,49,90,29.625079,29.979767445833332
False,piano,49,37,29.625079,29.979767445833332
False,piano,49,51,30.00008,30.00008
False,piano,49,39,30.00008,30.354768445833333
False,piano,49,51,30.00008,30.354768445833333
False,piano,49,71,30.1875805,30.364143470833334
False,piano,49,70,30.375081,30.551643970833332
False,piano,49,78,30.375081,30.551643970833332
False,piano,49,82,30.375081,30.551643970833332
False,piano,49,71,30.5625815,30.739144470833335
False,piano,49,66,30.750082,30.926644970833333
False,piano,49,75,30.750082,30.926644970833333
False,piano,49,78,30.750082,30.926644970833333
False,piano,49,71,30.9375825,31.114145470833332
False,piano,49,64,31.125083,31.301645970833334
False,piano,49,73,31.125083,31.301645970833334
False,piano,49,76,31.125083,31.301645970833334
False,piano,49,71,31.3125835,31.489146470833333
False,piano,49,63,31.500084,32.21102339583334
False,piano,49,71,31.500084,32.21102339583334
False,piano,49,75,31.500084,32.21102339583334
True,piano,49,83,32.0625855,32.239148470833335
True,piano,49,83,32.250086,32.604774445833336
True,piano,49,85,32.625087,32.80164997083333
True,piano,49,83,32.8125875,32.98915047083333
False,piano,49,52,33.000088,33.000088
False,piano,49,40,33.000088,33.35477644583333
False,piano,49,52,33.000088,33.35477644583333
False,piano,49,71,33.1875885,33.364151470833335
False,piano,50,70,33.375089,33.55165197083333
False,piano,51,71,33.5625895,33.73915247083333
True,piano,56,78,33.75009,34.10477844583333
True,piano,56,82,33.75009,34.10477844583333
False,piano,52,66,33.75009,34.461029395833336
True,piano,60,95,34.125091,34.47977944583333
True,piano,64,76,34.500092,34.67665497083333
True,piano,66,78,34.6875925,34.86415547083333
True,piano,68,83,34.875093,35.05165597083333
True,piano,76,87,35.625095,35.979783445833334
True,piano,80,88,36.000096,36.35478444583333
False,piano,64,56,36.000096,36.35478444583333
False,piano,64,63,36.000096,36.35478444583333
False,piano,64,52,36.000096,36.375097
False,piano,64,59,36.000096,36.5625975
True,piano,80,88,36.375097,36.729785445833336
False,piano,64,52,36.375097,36.9375985
False,piano,64,56,36.5625975,36.917285945833335
False,piano,64,59,36.5625975,37.06728634583333
True,piano,80,88,36.750098,37.104786445833334
False,piano,64,52,36.9375985,37.11416147083333
True,piano,80,87,37.125099,37.30166197083334
False,piano,64,56,37.125099,37.125099
False,piano,64,47,37.125099,37.65791292083333
False,piano,64,56,37.125099,37.65791292083333
False,piano,64,59,37.125099,37.65791292083333
True,piano,80,88,37.3125995,37.84541342083333
False,piano,64,52,37.5001,37.676662970833334
False,piano,64,44,37.6876005,37.6876005
False,piano,64,47,37.6876005,37.6876005
False,piano,64,35,37.6876005,38.220414420833336
False,piano,64,44,37.6876005,38.220414420833336
False,piano,64,47,37.6876005,38.220414420833336
True,piano,80,88,37.875101,38.22978944583333
False,piano,64,52,38.0626015,38.23916447083333
True,piano,80,87,38.625103,38.979791445833335
True,piano,80,88,39.000104,39.35479244583333
False,piano,64,54,39.000104,39.35479244583333
False,piano,64,61,39.000104,39.35479244583333
False,piano,64,58,39.000104,39.5626055
True,piano,81,88,39.375105,39.72979344583333
False,piano,66,51,39.375105,39.551667970833336
False,piano,67,54,39.5626055,39.917293945833336
False,piano,67,58,39.5626055,40.06729434583333
True,piano,82,88,39.750106,40.104794445833335
False,piano,69,51,39.9376065,40.11416947083333
True,piano,83,87,40.125107,40.30166997083333
False,piano,70,54,40.125107,40.47979544583333
False,piano,70,46,40.125107,40.657920920833334
False,piano,70,58,40.125107,40.657920920833334
True,piano,83,88,40.3126075,40.84542142083333
False,piano,72,51,40.500108,40.676670970833335
False,piano,73,58,40.6876085,40.6876085
False,piano,73,54,40.6876085,41.042296945833336
False,piano,73,46,40.6876085,41.22042242083333
False,piano,73,58,40.6876085,41.22042242083333
True,piano,85,87,40.875109,41.229797445833334
False,piano,75,51,41.0626095,41.23917247083333
False,piano,76,34,41.25011,41.60479844583333
False,piano,76,46,41.25011,41.60479844583333
True,piano,87,83,41.625111,41.979799445833336
True,piano,88,85,42.000112,42.71105139583333
False,piano,80,37,42.000112,42.71105139583333
False,piano,80,49,42.000112,42.71105139583333
True,piano,90,85,42.750113999999996,43.104802445833336
False,piano,84,52,42.750113999999996,43.104802445833336
False,piano,84,56,42.750113999999996,43.104802445833336
False,piano,84,59,42.750113999999996,43.104802445833336
True,piano,91,83,43.125115,43.30167797083333
False,piano,86,49,43.125115,43.30167797083333
True,piano,91,85,43.3126155,43.845429420833334
False,piano,87,52,43.3126155,43.66730394583333
False,piano,87,56,43.3126155,43.66730394583333
False,piano,87,59,43.3126155,43.66730394583333
False,piano,89,49,43.6876165,43.864179470833335
True,piano,93,85,43.875117,44.229805445833335
False,piano,90,52,43.875117,44.051679970833334
False,piano,90,56,43.875117,44.051679970833334
False,piano,90,59,43.875117,44.051679970833334
False,piano,91,49,44.0626175,44.23918047083333
True,piano,94,85,44.250118,44.60480644583333
False,piano,92,52,44.250118,44.961057395833336
False,piano,92,56,44.250118,44.961057395833336
False,piano,92,59,44.250118,44.961057395833336
False,piano,92,61,44.250118,44.961057395833336
True,piano,95,87,44.625119,44.97980744583333
True,piano,96,87,45.00012,45.71105939583333
False,piano,96,39,45.00012,46.12356049583333
False,piano,96,49,45.09230774583333,46.12199799166667
False,piano,96,53,45.18449549166667,46.12199799166667
False,piano,96,56,45.27980824583333,46.12199799166667
False,piano,80,39,46.125123,47.211063395833335
False,piano,80,51,46.18137315,47.209500891666664
False,piano,80,61,46.24074830833333,47.209500891666664
False,piano,80,63,46.2985609625,47.209500891666664
False,piano,80,67,46.35793612083334,47.209500891666664
False,piano,80,70,46.415748775,47.209500891666664
False,piano,49,61,48.000128,49.42356929583333
False,piano,49,72,48.000128,49.42356929583333
False,piano,49,77,48.000128,49.42356929583333
True,piano,49,89,48.375129,48.72981744583333
True,piano,49,89,48.75013,49.10481844583333
True,piano,49,91,49.125131,49.479819445833336
True,piano,49,91,49.500132,49.85482044583333
False,piano,49,63,49.500132,50.923573295833336
False,piano,49,72,49.500132,50.923573295833336
False,piano,49,79,49.500132,50.923573295833336
True,piano,49,87,49.875133,50.051695970833336
True,piano,49,87,50.0626335,50.59544742083333
True,piano,49,96,50.625135,50.97982344583333
True,piano,49,96,51.000136,52.42357729583333
False,piano,49,65,51.000136,52.42357729583333
False,piano,49,72,51.000136,52.42357729583333
False,piano,49,80,51.000136,52.42357729583333
True,piano,49,96,52.50014,52.854828445833334
True,piano,49,97,52.875141,53.05170397083333
True,piano,49,96,53.0626415,53.59545542083333
False,piano,49,63,53.250142,53.96108139583333
False,piano,49,72,53.250142,53.96108139583333
False,piano,49,77,53.250142,53.96108139583333
True,piano,49,92,53.625143,53.979831445833334
True,piano,49,92,54.000144,54.711083395833334
False,piano,49,61,54.000144,55.423585295833334
False,piano,49,72,54.000144,55.423585295833334
False,piano,49,79,54.000144,55.423585295833334
True,piano,49,91,55.3126475,55.489210470833335
True,piano,49,92,55.500148,55.854836445833335
False,piano,49,63,55.500148,56.92358929583333
False,piano,49,72,55.500148,56.92358929583333
False,piano,49,80,55.500148,56.92358929583333
True,piano,49,91,55.875149,56.05171197083333
True,piano,49,92,56.0626495,56.59546342083333
True,piano,49,96,56.625151,56.979839445833335
True,piano,49,96,57.000152,59.848597095833334
False,piano,49,65,57.000152,58.423593295833335
False,piano,49,68,57.000152,58.423593295833335
False,piano,49,75,57.000152,58.423593295833335
False,piano,49,67,59.250158,59.961097395833335
False,piano,49,70,59.250158,59.961097395833335
False,piano,49,73,59.250158,59.961097395833335
False,piano,49,41,60.00016,60.35484844583333
False,piano,49,44,60.00016,60.35484844583333
False,piano,49,48,60.00016,60.35484844583333
False,piano,49,53,60.00016,60.35484844583333
True,piano,50,89,60.375161,60.72984944583333
False,piano,50,53,60.375161,60.72984944583333
True,piano,52,89,60.750162,61.104850445833335
False,piano,52,75,60.750162,61.104850445833335
False,piano,52,56,60.750162,61.104850445833335
False,piano,52,60,60.750162,61.104850445833335
True,piano,54,91,61.125163,61.47985144583333
False,piano,54,79,61.125163,61.47985144583333
False,piano,54,53,61.125163,61.47985144583333
True,piano,56,91,61.500164,61.85485244583333
False,piano,56,80,61.500164,62.211103395833334
False,piano,56,43,61.500164,62.211103395833334
False,piano,56,46,61.500164,62.211103395833334
False,piano,56,49,61.500164,62.211103395833334
False,piano,56,55,61.500164,62.211103395833334
True,piano,58,87,61.875165,62.05172797083333
True,piano,59,87,62.0626655,62.595479420833335
False,piano,60,75,62.250166,62.961105395833336
False,piano,60,63,62.250166,62.961105395833336
False,piano,60,67,62.250166,62.961105395833336
True,piano,62,96,62.625167,62.97985544583333
True,piano,64,84,63.000168,64.42360929583333
False,piano,64,44,63.000168,63.71110739583333
False,piano,64,48,63.000168,63.71110739583333
False,piano,64,53,63.000168,63.71110739583333
False,piano,64,56,63.000168,63.71110739583333
False,piano,66,80,63.375169,63.72985744583333
False,piano,68,79,63.75017,64.10485844583333
False,piano,68,65,63.75017,64.10485844583333
False,piano,68,68,63.75017,64.10485844583333
False,piano,70,75,64.125171,64.47985944583333
False,piano,70,53,64.125171,64.47985944583333
True,piano,72,84,64.500172,64.85486044583334
False,piano,72,72,64.500172,65.21111139583333
False,piano,72,68,64.500172,65.250174
False,piano,72,56,64.500172,65.92361329583333
False,piano,72,60,64.500172,65.92361329583333
False,piano,72,65,64.500172,65.92361329583333
True,piano,74,85,64.875173,65.05173597083333
True,piano,75,87,65.0626735,65.41736194583333
False,piano,76,68,65.250174,65.96111339583334
True,piano,77,80,65.4376745,65.79236294583333
True,piano,79,87,65.8126755,67.05799132083334
False,piano,80,41,66.000176,66.71111539583333
False,piano,80,44,66.000176,66.71111539583333
False,piano,80,49,66.000176,66.71111539583333
False,piano,80,53,66.000176,66.71111539583333
False,piano,77,70,66.375177,66.72986544583334
False,piano,73,72,66.750178,67.28299192083334
False,piano,73,53,66.750178,67.10486644583334
False,piano,73,56,66.750178,67.10486644583334
True,piano,69,85,67.125179,67.30174197083333
False,piano,69,56,67.125179,67.30174197083333
True,piano,67,84,67.3126795,67.84549342083334
False,piano,67,79,67.3126795,68.20174437083334
False,piano,67,61,67.3126795,67.66736794583333
False,piano,67,65,67.3126795,67.66736794583333
False,piano,63,61,67.6876805,67.86424347083333
True,piano,61,85,67.875181,68.05174397083333
False,piano,61,65,67.875181,68.22986944583333
False,piano,61,68,67.875181,68.22986944583333
True,piano,59,84,68.0626815,68.59549542083333
False,piano,57,82,68.250182,68.96112139583333
False,piano,57,68,68.250182,68.60487044583333
False,piano,57,73,68.250182,68.60487044583333
True,piano,53,80,68.625183,68.97987144583334
True,piano,49,68,69.000184,69.71112339583334
True,piano,49,80,69.000184,69.71112339583334
False,piano,49,52,69.000184,69.35487244583334
False,piano,49,59,69.000184,69.35487244583334
False,piano,49,63,69.000184,69.35487244583334
False,piano,49,59,69.375185,70.08612439583334
True,piano,49,63,69.750186,69.92674897083333
True,piano,49,68,69.750186,69.92674897083333
True,piano,49,70,69.9376865,70.11424947083333
True,piano,49,71,70.125187,70.47987544583333
False,piano,49,59,70.125187,70.47987544583333
True,piano,49,66,70.500188,71.21112739583333
True,piano,49,71,70.500188,71.21112739583333
False,piano,49,56,70.500188,71.92362929583334
False,piano,49,64,70.500188,71.92362929583334
True,piano,49,70,71.25019,71.96112939583334
True,piano,49,63,72.000192,72.71113139583333
True,piano,49,68,72.000192,72.71113139583333
False,piano,49,40,72.000192,72.35488044583333
False,piano,49,52,72.000192,72.35488044583333
False,piano,49,52,72.375193,72.72988144583333
True,piano,45,68,72.750194,72.92675697083334
True,piano,45,80,72.750194,72.92675697083334
False,piano,49,63,72.750194,73.10488244583334
True,piano,44,70,72.9376945,73.11425747083334
True,piano,44,82,72.9376945,73.11425747083334
True,piano,43,71,73.125195,73.47988344583334
True,piano,43,83,73.125195,73.47988344583334
False,piano,49,52,73.125195,73.47988344583334
True,piano,41,71,73.500196,74.21113539583334
True,piano,41,83,73.500196,74.21113539583334
False,piano,49,42,73.500196,77.77364489583333
False,piano,49,54,73.500196,77.77364489583333
True,piano,37,68,74.250198,74.99863749583334
True,piano,37,73,74.315823175,74.99707499166666
True,piano,37,80,74.38144835,74.99707499166666
True,piano,36,85,74.44863602916666,74.99707499166666
True,piano,14,85,75.0002,77.84864509583333
True,piano,14,92,75.0002,77.84864509583333
True,piano,14,97,75.0002,77.84864509583333
True,piano,49,87,78.000208,78.71114739583334
False,piano,49,35,78.000208,79.06739834583334
False,piano,49,47,78.000208,79.06739834583334
False,piano,49,83,78.1877085,78.36427147083333
False,piano,49,82,78.375209,78.55177197083333
False,piano,49,83,78.5627095,78.73927247083333
True,piano,49,87,78.75021,79.46114939583333
False,piano,49,78,78.75021,78.92677297083333
False,piano,49,83,78.9377105,79.11427347083334
False,piano,49,76,79.125211,79.30177397083334
False,piano,49,47,79.125211,80.19240134583333
False,piano,49,83,79.3127115,79.48927447083334
True,piano,49,87,79.500212,80.21115139583333
False,piano,49,75,79.500212,80.21115139583333
True,piano,49,87,80.250214,80.60490244583333
True,piano,49,90,80.625215,81.69240534583334
False,piano,49,37,81.000216,82.06740634583333
False,piano,49,49,81.000216,82.06740634583333
False,piano,49,83,81.1877165,81.36427947083334
False,piano,49,82,81.375217,81.55177997083334
False,piano,49,83,81.5627175,81.73928047083334
True,piano,49,88,81.750218,82.10490644583334
False,piano,49,82,81.750218,82.10490644583334
False,piano,49,78,81.750218,82.125219
True,piano,49,87,82.125219,82.47990744583333
False,piano,49,75,82.125219,82.47990744583333
False,piano,49,78,82.125219,82.47990744583333
False,piano,49,49,82.125219,83.19240934583334
False,piano,49,82,83.250222,83.96116139583333
True,piano,49,78,83.8127235,83.98928647083333
True,piano,49,87,84.000224,84.71116339583334
False,piano,49,75,84.000224,84.71116339583334
False,piano,49,39,84.000224,85.06741434583333
False,piano,49,51,84.000224,85.06741434583333
False,piano,49,83,84.1877245,84.36428747083333
False,piano,49,82,84.375225,84.55178797083333
False,piano,49,83,84.5627255,84.73928847083333
True,piano,49,87,84.750226,85.46116539583333
False,piano,49,78,84.750226,84.92678897083333
False,piano,49,83,84.9377265,85.11428947083333
False,piano,49,76,85.125227,85.30178997083334
False,piano,49,51,85.125227,86.19241734583333
False,piano,49,83,85.3127275,85.48929047083334
True,piano,49,87,85.50022799999999,86.21116739583333
False,piano,49,75,85.50022799999999,86.21116739583333
True,piano,49,87,86.25023,86.60491844583333
True,piano,49,88,86.625231,88.40492324583333
False,piano,49,73,87.000232,87.17679497083333
False,piano,49,40,87.000232,88.06742234583334
False,piano,49,52,87.000232,88.06742234583334
False,piano,49,83,87.1877325,87.36429547083333
False,piano,49,82,87.375233,87.55179597083334
False,piano,49,83,87.5627335,87.73929647083334
False,piano,49,79,87.750234,87.92679697083334
False,piano,49,83,87.9377345,88.11429747083334
False,piano,49,76,88.125235,88.30179797083333
False,piano,49,52,88.125235,89.19242534583333
False,piano,49,83,88.3127355,88.48929847083333
False,piano,49,85,88.500236,89.92367729583333
True,piano,49,87,90.00024,90.71117939583333
False,piano,49,47,90.00024,90.00024
False,piano,49,35,90.00024,90.35492844583334
False,piano,49,47,90.00024,90.35492844583334
False,piano,49,71,90.1877405,90.36430347083333
False,piano,49,70,90.375241,90.55180397083333
False,piano,49,71,90.5627415,90.73930447083333
True,piano,49,87,90.750242,91.46118139583334
False,piano,49,66,90.750242,91.10493044583333
False,piano,49,75,91.125243,91.47993144583333
False,piano,49,78,91.125243,91.47993144583333
False,piano,49,64,91.125243,91.47993144583333
True,piano,49,87,91.500244,92.21118339583333
False,piano,49,76,91.500244,91.85493244583333
False,piano,49,80,91.500244,91.85493244583333
False,piano,49,75,91.875245,92.22993344583334
False,piano,49,78,91.875245,92.22993344583334
True,piano,49,87,92.250246,92.60493444583334
False,piano,49,76,92.250246,92.60493444583334
False,piano,49,80,92.250246,92.60493444583334
True,piano,49,90,92.625247,93.69243734583333
False,piano,49,75,92.625247,92.97993544583333
False,piano,49,78,92.625247,92.97993544583333
False,piano,49,49,93.000248,93.000248
False,piano,49,37,93.000248,93.35493644583333
False,piano,49,49,93.000248,93.35493644583333
False,piano,49,71,93.1877485,93.36431147083333
False,piano,49,70,93.375249,93.55181197083333
False,piano,49,71,93.5627495,93.73931247083333
True,piano,49,88,93.75025,94.10493844583333
False,piano,49,76,93.75025,94.10493844583333
False,piano,49,80,93.75025,94.10493844583333
False,piano,49,66,93.75025,94.46118939583333
True,piano,49,87,94.125251,94.47993944583334
False,piano,49,75,94.125251,94.47993944583334
False,piano,49,78,94.125251,94.47993944583334
False,piano,49,76,94.500252,94.85494044583334
False,piano,49,80,94.500252,94.85494044583334
False,piano,49,75,94.875253,95.22994144583333
False,piano,49,78,94.875253,95.22994144583333
True,piano,49,88,95.250254,95.60494244583333
False,piano,49,73,95.250254,95.60494244583333
False,piano,49,76,95.250254,95.60494244583333
True,piano,49,90,95.625255,95.97994344583333
False,piano,49,75,95.625255,95.97994344583333
False,piano,49,78,95.625255,95.97994344583333
False,piano,49,51,96.000256,96.000256
False,piano,49,39,96.000256,96.35494444583334
False,piano,49,51,96.000256,96.35494444583334
False,piano,49,71,96.1877565,96.36431947083334
False,piano,49,70,96.375257,96.55181997083334
False,piano,49,71,96.5627575,96.73932047083333
False,piano,49,82,96.750258,97.46119739583334
False,piano,49,66,96.750258,96.92682097083333
False,piano,49,78,96.750258,96.92682097083333
False,piano,49,71,96.9377585,97.11432147083333
False,piano,49,64,97.125259,97.30182197083333
False,piano,49,76,97.125259,97.30182197083333
False,piano,49,71,97.3127595,97.48932247083333
False,piano,49,85,97.50026,97.56276016666666
False,piano,49,63,97.50026,98.21119939583333
False,piano,49,75,97.50026,98.21119939583333
False,piano,49,86,97.56432267083333,97.6268228375
False,piano,49,87,97.62994784583333,98.21588690833333
True,piano,49,83,98.0627615,98.23932447083334
True,piano,49,83,98.250262,98.60495044583334
False,piano,49,78,98.250262,98.96120139583333
True,piano,49,85,98.625263,98.80182597083333
True,piano,49,83,98.8127635,98.98932647083333
False,piano,49,83,99.000264,99.71120339583334
False,piano,49,40,99.000264,99.35495244583333
False,piano,49,52,99.000264,99.35495244583333
False,piano,49,90,99.1877645,99.36432747083333
False,piano,49,85,99.375265,99.55182797083333
False,piano,49,66,99.5627655,100.45183037083333
False,piano,49,78,99.5627655,100.45183037083333
False,piano,49,55,100.125267,100.47995544583333
False,piano,49,67,100.125267,100.47995544583333
False,piano,59,47,100.500268,100.85495644583334
False,piano,59,59,100.500268,100.85495644583334
False,piano,69,43,100.875269,101.22995744583334
False,piano,69,55,100.875269,101.22995744583334
True,piano,72,71,101.25027,101.42683297083333
False,piano,79,40,101.25027,101.60495844583333
False,piano,79,52,101.25027,101.60495844583333
True,piano,74,73,101.4377705,101.61433347083333
True,piano,76,75,101.625271,101.625271
False,piano,90,75,101.625271,101.97995944583333
False,piano,89,31,101.625271,101.97995944583333
False,piano,89,43,101.625271,101.97995944583333
True,piano,78,79,101.8127715,101.98933447083333
True,piano,80,80,102.000272,102.18620999583334
True,piano,80,87,102.000272,102.18620999583334
False,piano,96,76,102.000272,102.35496044583333
False,piano,80,37,102.000272,102.122147325
False,piano,80,44,102.000272,102.122147325
False,piano,80,49,102.000272,102.122147325
True,piano,80,80,102.37527299999999,102.56121099583333
True,piano,80,87,102.37527299999999,102.56121099583333
False,piano,96,76,102.37527299999999,102.72996144583334
True,piano,80,80,102.750274,102.93621199583333
True,piano,80,87,102.750274,102.93621199583333
False,piano,96,76,102.750274,103.10496244583334
True,piano,80,80,103.125275,103.31121299583333
True,piano,80,87,103.125275,103.31121299583333
False,piano,96,75,103.125275,103.30183797083333
False,piano,96,76,103.3127755,103.84558942083333
True,piano,80,80,103.500276,103.68621399583333
True,piano,80,87,103.500276,103.68621399583333
True,piano,80,80,103.875277,104.06121499583334
True,piano,80,87,103.875277,104.06121499583334
False,piano,96,76,103.875277,104.22996544583333
True,piano,80,80,104.250278,104.34246574583334
True,piano,80,87,104.250278,104.34246574583334
False,piano,80,37,104.250278,104.372153325
False,piano,80,44,104.250278,104.372153325
False,piano,80,49,104.250278,104.372153325
True,piano,80,82,104.4377785,104.52996624583334
True,piano,80,88,104.4377785,104.52996624583334
True,piano,80,83,104.625279,104.71746674583333
True,piano,80,90,104.625279,104.71746674583333
False,piano,96,75,104.625279,104.97996744583334
True,piano,80,80,104.8127795,104.90496724583333
True,piano,80,87,104.8127795,104.90496724583333
True,piano,80,78,105.00028,105.18621799583333
True,piano,80,85,105.00028,105.18621799583333
False,piano,96,76,105.00028,105.35496844583334
False,piano,80,35,105.00028,105.122155325
False,piano,80,42,105.00028,105.122155325
False,piano,80,47,105.00028,105.122155325
True,piano,80,78,105.375281,105.56121899583333
True,piano,80,85,105.375281,105.56121899583333
False,piano,96,76,105.375281,105.72996944583333
True,piano,80,78,105.750282,105.93621999583333
True,piano,80,85,105.750282,105.93621999583333
False,piano,96,76,105.750282,106.10497044583333
True,piano,80,78,106.125283,106.31122099583334
True,piano,80,85,106.125283,106.31122099583334
False,piano,96,75,106.125283,106.30184597083333
False,piano,96,76,106.3127835,106.84559742083333
True,piano,80,78,106.500284,106.68622199583334
True,piano,80,85,106.500284,106.68622199583334
True,piano,80,78,106.875285,107.06122299583333
True,piano,80,85,106.875285,107.06122299583333
False,piano,96,75,106.875285,107.22997344583334
True,piano,80,85,107.250286,107.34247374583333
False,piano,80,35,107.250286,107.372161325
False,piano,80,42,107.250286,107.372161325
False,piano,80,47,107.250286,107.372161325
True,piano,80,83,107.4377865,107.52997424583333
True,piano,80,82,107.625287,107.71747474583333
False,piano,96,71,107.625287,107.97997544583333
True,piano,80,83,107.8127875,107.90497524583333
True,piano,80,85,108.000288,108.71122739583333
False,piano,96,73,108.000288,108.71122739583333
False,piano,80,33,108.000288,108.71122739583333
False,piano,80,45,108.000288,108.71122739583333
False,piano,90,52,108.75029,109.10497844583334
False,piano,90,57,108.75029,109.10497844583334
False,piano,90,61,108.75029,109.10497844583334
False,piano,90,64,108.75029,109.10497844583334
False,piano,111,73,109.125291,109.47997944583334
False,piano,95,45,109.125291,109.30185397083333
False,piano,97,49,109.3127915,109.66747994583334
False,piano,97,52,109.3127915,109.66747994583334
False,piano,97,57,109.3127915,109.66747994583334
False,piano,116,73,109.500292,109.85498044583333
False,piano,102,45,109.6877925,109.86435547083333
False,piano,121,71,109.875293,110.05185597083333
False,piano,105,25,109.875293,110.94248334583334
False,piano,105,37,109.875293,110.94248334583334
False,piano,123,73,110.0627935,110.59560742083333
False,piano,127,75,110.625295,110.97998344583333
False,piano,127,75,111.000296,112.42373729583333
False,piano,80,27,111.000296,112.06748634583333
False,piano,80,31,111.000296,112.06748634583333
False,piano,80,34,111.000296,112.06748634583333
False,piano,80,39,111.000296,112.06748634583333
False,piano,64,61,111.375297,111.72998544583334
False,piano,64,63,111.375297,111.72998544583334
False,piano,64,67,111.375297,111.72998544583334
False,piano,64,70,111.375297,111.72998544583334
False,piano,64,61,111.750298,112.10498644583333
False,piano,64,63,111.750298,112.10498644583333
False,piano,64,67,111.750298,112.10498644583333
False,piano,64,70,111.750298,112.10498644583333
False,piano,64,61,112.125299,112.47998744583333
False,piano,64,63,112.125299,112.47998744583333
False,piano,64,67,112.125299,112.47998744583333
False,piano,64,70,112.125299,112.47998744583333
False,piano,80,39,112.125299,113.90499124583333
False,piano,80,51,112.125299,113.90499124583333
False,piano,64,80,112.5003,112.73623812916667
False,piano,64,85,112.5003,112.73623812916667
False,piano,64,87,112.75030066666666,112.98623879583333
False,piano,64,84,113.00030133333334,113.2362394625
False,piano,64,79,113.250302,113.60499044583334
False,piano,64,82,113.250302,113.60499044583334
False,piano,80,37,117.000312,117.17687497083334
False,piano,80,41,117.000312,117.17687497083334
False,piano,80,49,117.000312,117.17687497083334
False,piano,80,49,117.1878125,117.36437547083334
False,piano,80,53,117.1878125,117.36437547083334
True,piano,96,89,117.375313,117.73000144583334
False,piano,80,65,117.375313,117.55187597083334
False,piano,80,68,117.375313,117.55187597083334
False,piano,80,77,117.5628135,117.5628135
False,piano,80,77,117.5628135,117.91750194583334
True,piano,96,89,117.750314,118.10500244583334
False,piano,80,61,117.750314,117.92687697083333
False,piano,80,65,117.750314,117.92687697083333
False,piano,80,72,117.9378145,117.9378145
False,piano,80,72,117.9378145,118.47062842083334
True,piano,96,91,118.125315,118.48000344583333
False,piano,80,56,118.125315,118.30187797083333
False,piano,80,61,118.125315,118.30187797083333
False,piano,80,53,118.3128155,118.48937847083333
True,piano,96,91,118.500316,118.85500444583333
False,piano,80,39,118.500316,118.67687897083333
False,piano,80,43,118.500316,118.67687897083333
False,piano,80,51,118.500316,118.67687897083333
False,piano,80,51,118.6878165,118.86437947083333
False,piano,80,55,118.6878165,118.86437947083333
True,piano,96,87,118.875317,119.05187997083333
False,piano,80,60,118.875317,119.05187997083333
False,piano,80,63,118.875317,119.05187997083333
True,piano,96,87,119.0628175,119.59563142083333
False,piano,80,75,119.0628175,119.0628175
False,piano,80,75,119.0628175,119.41750594583333
False,piano,80,68,119.250318,119.42688097083334
False,piano,80,72,119.4378185,119.4378185
False,piano,80,72,119.4378185,119.97063242083334
True,piano,96,96,119.625319,119.98000744583334
False,piano,80,63,119.625319,119.80188197083334
False,piano,80,67,119.625319,119.80188197083334
False,piano,80,60,119.8128195,119.98938247083333
True,piano,96,96,120.00032,121.42376129583333
False,piano,80,41,120.00032,120.17688297083333
False,piano,80,44,120.00032,120.17688297083333
False,piano,80,53,120.00032,120.17688297083333
False,piano,80,53,120.1878205,120.36438347083333
False,piano,80,56,120.1878205,120.36438347083333
False,piano,80,65,120.375321,120.55188397083333
False,piano,80,68,120.375321,120.55188397083333
False,piano,80,77,120.5628215,120.5628215
False,piano,80,77,120.5628215,120.91750994583333
False,piano,80,60,120.750322,120.92688497083333
False,piano,80,65,120.750322,120.92688497083333
False,piano,80,72,120.9378225,120.9378225
False,piano,80,72,120.9378225,121.47063642083333
False,piano,80,65,121.125323,121.30188597083334
False,piano,80,68,121.125323,121.30188597083334
False,piano,80,60,121.3128235,121.48938647083334
True,piano,96,96,121.500324,121.85501244583334
False,piano,80,44,121.500324,121.67688697083334
False,piano,80,53,121.500324,121.67688697083334
False,piano,80,53,121.6878245,121.86438747083334
False,piano,80,56,121.6878245,121.86438747083334
True,piano,96,97,121.875325,122.05188797083333
False,piano,80,65,121.875325,122.05188797083333
False,piano,80,68,121.875325,122.05188797083333
True,piano,96,96,122.0628255,122.59563942083334
False,piano,80,75,122.0628255,122.0628255
False,piano,80,75,122.0628255,122.41751394583333
False,piano,80,60,122.250326,122.42688897083333
False,piano,80,65,122.250326,122.42688897083333
False,piano,80,72,122.4378265,122.4378265
False,piano,80,72,122.4378265,122.97064042083333
True,piano,96,92,122.625327,122.98001544583333
False,piano,80,65,122.625327,122.80188997083333
False,piano,80,68,122.625327,122.80188997083333
False,piano,80,60,122.8128275,122.98939047083333
True,piano,96,92,123.000328,123.71126739583333
False,piano,80,37,123.000328,123.17689097083333
False,piano,80,41,123.000328,123.17689097083333
False,piano,80,49,123.000328,123.17689097083333
False,piano,80,49,123.1878285,123.36439147083334
False,piano,80,53,123.1878285,123.36439147083334
False,piano,80,65,123.375329,123.55189197083334
False,piano,80,68,123.375329,123.55189197083334
False,piano,80,77,123.5628295,123.5628295
False,piano,80,77,123.5628295,123.91751794583334
False,piano,80,61,123.75033,123.92689297083334
False,piano,80,65,123.75033,123.92689297083334
False,piano,80,72,123.9378305,123.9378305
False,piano,80,72,123.9378305,124.47064442083334
False,piano,80,56,124.125331,124.30189397083333
False,piano,80,61,124.125331,124.30189397083333
True,piano,96,91,124.3128315,124.48939447083333
False,piano,80,53,124.3128315,124.48939447083333
True,piano,96,92,124.500332,124.85502044583333
False,piano,80,39,124.500332,124.67689497083333
False,piano,80,43,124.500332,124.67689497083333
False,piano,80,51,124.500332,124.67689497083333
False,piano,80,51,124.6878325,124.86439547083333
False,piano,80,55,124.6878325,124.86439547083333
True,piano,96,91,124.875333,125.05189597083333
False,piano,80,60,124.875333,125.05189597083333
False,piano,80,63,124.875333,125.05189597083333
True,piano,96,92,125.0628335,125.59564742083333
False,piano,80,75,125.0628335,125.0628335
False,piano,80,75,125.0628335,125.41752194583333
False,piano,80,68,125.250334,125.42689697083334
False,piano,80,72,125.4378345,125.4378345
False,piano,80,72,125.4378345,125.97064842083333
True,piano,96,96,125.62533499999999,125.98002344583334
False,piano,80,63,125.62533499999999,125.80189797083334
False,piano,80,67,125.62533499999999,125.80189797083334
False,piano,80,60,125.8128355,125.98939847083334
True,piano,96,96,126.000336,127.60190277083333
False,piano,80,41,126.000336,126.17689897083334
False,piano,80,44,126.000336,126.17689897083334
False,piano,80,53,126.000336,126.17689897083334
False,piano,80,53,126.1878365,126.36439947083333
False,piano,80,56,126.1878365,126.36439947083333
False,piano,80,65,126.375337,126.55189997083333
False,piano,80,68,126.375337,126.55189997083333
False,piano,80,77,126.5628375,126.5628375
False,piano,80,77,126.5628375,126.91752594583333
False,piano,80,60,126.750338,126.92690097083333
False,piano,80,65,126.750338,126.92690097083333
False,piano,80,72,126.9378385,126.9378385
False,piano,80,72,126.9378385,127.47065242083333
False,piano,80,65,127.125339,127.30190197083333
False,piano,80,68,127.125339,127.30190197083333
False,piano,80,60,127.3128395,127.48940247083333
False,piano,80,44,127.50034,127.67690297083334
False,piano,80,53,127.50034,127.67690297083334
True,piano,96,94,127.6878405,127.86440347083334
False,piano,80,53,127.6878405,127.86440347083334
False,piano,80,56,127.6878405,127.86440347083334
True,piano,96,96,127.875341,128.05190397083334
False,piano,80,65,127.875341,128.05190397083334
False,piano,80,68,127.875341,128.05190397083334
True,piano,96,94,128.0628415,128.59565542083334
False,piano,80,79,128.0628415,128.41752994583334
False,piano,80,72,128.0628415,128.23940447083334
False,piano,80,60,128.250342,128.42690497083333
False,piano,80,65,128.250342,128.42690497083333
False,piano,80,77,128.4378425,128.97065642083334
False,piano,80,72,128.4378425,128.61440547083333
True,piano,96,92,128.625343,128.98003144583333
False,piano,80,65,128.625343,128.80190597083333
False,piano,80,68,128.625343,128.80190597083333
False,piano,80,60,128.8128435,128.98940647083333
False,piano,80,37,129.000344,129.17690697083333
False,piano,80,41,129.000344,129.17690697083333
False,piano,80,49,129.000344,129.17690697083333
False,piano,80,49,129.1878445,129.36440747083333
False,piano,80,53,129.1878445,129.36440747083333
True,piano,96,89,129.375345,129.73003344583333
False,piano,80,65,129.375345,129.55190797083333
False,piano,80,68,129.375345,129.55190797083333
False,piano,80,77,129.5628455,129.5628455
False,piano,80,77,129.5628455,129.91753394583333
True,piano,96,89,129.750346,130.10503444583333
False,piano,80,61,129.750346,129.92690897083332
False,piano,80,65,129.750346,129.92690897083332
False,piano,80,72,129.9378465,129.9378465
False,piano,80,72,129.9378465,130.47066042083333
True,piano,96,91,130.125347,130.48003544583332
False,piano,80,56,130.125347,130.30190997083332
False,piano,80,61,130.125347,130.30190997083332
False,piano,80,53,130.3128475,130.48941047083332
True,piano,96,91,130.500348,130.85503644583332
False,piano,80,39,130.500348,130.67691097083332
False,piano,80,43,130.500348,130.67691097083332
False,piano,80,51,130.500348,130.67691097083332
False,piano,80,51,130.6878485,130.86441147083335
False,piano,80,55,130.6878485,130.86441147083335
True,piano,96,87,130.875349,131.05191197083334
False,piano,80,60,130.875349,131.05191197083334
False,piano,80,63,130.875349,131.05191197083334
True,piano,96,87,131.0628495,131.59566342083335
False,piano,80,75,131.0628495,131.0628495
False,piano,80,75,131.0628495,131.41753794583335
False,piano,80,68,131.25035,131.42691297083334
False,piano,80,72,131.4378505,131.4378505
False,piano,80,72,131.4378505,131.97066442083334
True,piano,96,96,131.625351,131.98003944583334
False,piano,80,63,131.625351,131.80191397083334
False,piano,80,67,131.625351,131.80191397083334
False,piano,80,60,131.8128515,131.98941447083334
True,piano,96,96,132.000352,133.42379329583332
False,piano,80,41,132.000352,132.17691497083334
False,piano,80,44,132.000352,132.17691497083334
False,piano,80,53,132.000352,132.17691497083334
False,piano,80,53,132.1878525,132.36441547083334
False,piano,80,56,132.1878525,132.36441547083334
False,piano,80,65,132.375353,132.55191597083333
False,piano,80,68,132.375353,132.55191597083333
False,piano,80,77,132.5628535,132.5628535
False,piano,80,77,132.5628535,132.91754194583334
False,piano,80,60,132.750354,132.92691697083333
False,piano,80,65,132.750354,132.92691697083333
False,piano,80,72,132.9378545,132.9378545
False,piano,80,72,132.9378545,133.47066842083333
False,piano,80,65,133.125355,133.30191797083333
False,piano,80,68,133.125355,133.30191797083333
False,piano,80,60,133.3128555,133.48941847083333
True,piano,96,96,133.500356,133.85504444583333
False,piano,80,44,133.500356,133.67691897083333
False,piano,80,53,133.500356,133.67691897083333
False,piano,80,53,133.6878565,133.86441947083333
False,piano,80,56,133.6878565,133.86441947083333
True,piano,96,97,133.875357,134.05191997083332
False,piano,80,65,133.875357,134.05191997083332
False,piano,80,68,133.875357,134.05191997083332
True,piano,96,99,134.0628575,134.41754594583333
False,piano,80,79,134.0628575,134.41754594583333
False,piano,80,72,134.0628575,134.23942047083332
False,piano,80,60,134.250358,134.42692097083332
False,piano,80,65,134.250358,134.42692097083332
True,piano,96,92,134.4378585,134.79254694583332
False,piano,80,72,134.4378585,134.4378585
False,piano,80,72,134.4378585,134.97067242083332
False,piano,80,65,134.625359,134.80192197083332
False,piano,80,68,134.625359,134.80192197083332
True,piano,96,99,134.8128595,136.05817532083333
False,piano,80,60,134.8128595,134.98942247083335
False,piano,80,37,135.00036,135.17692297083335
False,piano,80,41,135.00036,135.17692297083335
False,piano,80,49,135.00036,135.17692297083335
False,piano,79,49,135.1878605,135.36442347083334
False,piano,79,53,135.1878605,135.36442347083334
False,piano,77,65,135.375361,135.55192397083334
False,piano,77,68,135.375361,135.55192397083334
False,piano,77,77,135.5628615,135.5628615
False,piano,75,77,135.5628615,135.91754994583334
False,piano,73,61,135.750362,135.92692497083334
False,piano,73,65,135.750362,135.92692497083334
False,piano,75,72,135.9378625,135.9378625
False,piano,71,72,135.9378625,136.47067642083334
True,piano,69,97,136.125363,136.30192597083334
False,piano,69,56,136.125363,136.30192597083334
False,piano,69,61,136.125363,136.30192597083334
True,piano,67,96,136.3128635,136.84567742083334
False,piano,67,53,136.3128635,136.48942647083334
False,piano,65,51,136.500364,136.67692697083334
False,piano,65,55,136.500364,136.67692697083334
False,piano,65,63,136.500364,136.67692697083334
False,piano,63,63,136.6878645,136.86442747083333
False,piano,63,67,136.6878645,136.86442747083333
True,piano,61,97,136.875365,137.05192797083333
False,piano,61,70,136.875365,137.05192797083333
True,piano,59,96,137.0628655,137.59567942083333
False,piano,69,75,137.0628655,137.0628655
False,piano,59,75,137.0628655,137.23942847083333
False,piano,68,68,137.250366,137.250366
False,piano,57,68,137.250366,137.96130539583334
False,piano,54,69,137.559741825,137.64724205833332
True,piano,53,91,137.625367,137.98005544583333
False,piano,53,70,137.65505457916666,137.70817972083333
False,piano,52,71,137.71599224166667,137.7519298375
False,piano,52,72,137.75505484583334,137.77849240833334
False,piano,52,73,137.78317992083333,137.79724245833333
False,piano,52,74,137.80036746666667,137.8081799875
False,piano,51,75,137.8128675,137.98943047083333
True,piano,80,92,138.000368,139.42380929583334
False,piano,64,82,138.000368,138.35505644583333
False,piano,64,87,138.000368,138.35505644583333
False,piano,49,40,138.000368,138.71130739583333
False,piano,49,52,138.000368,138.71130739583333
False,piano,64,80,138.375369,138.73005744583332
False,piano,64,85,138.375369,138.73005744583332
False,piano,70,80,138.75037,139.10505844583332
False,piano,70,85,138.75037,139.10505844583332
False,piano,49,44,138.75037,139.46130939583333
False,piano,77,82,139.125371,139.48005944583332
False,piano,77,87,139.125371,139.48005944583332
False,piano,84,82,139.500372,139.85506044583335
False,piano,84,87,139.500372,139.85506044583335
False,piano,49,46,139.500372,140.21131139583332
False,piano,78,80,139.875373,140.23006144583334
False,piano,78,85,139.875373,140.23006144583334
False,piano,71,80,140.250374,140.60506244583334
False,piano,71,85,140.250374,140.60506244583334
False,piano,49,44,140.250374,140.96131339583334
False,piano,64,75,140.625375,140.98006344583334
False,piano,64,80,140.625375,140.98006344583334
False,piano,49,47,141.000376,141.71131539583334
False,piano,64,82,141.375377,141.73006544583333
False,piano,64,87,141.375377,141.73006544583333
False,piano,70,82,141.750378,142.10506644583333
False,piano,70,87,141.750378,142.10506644583333
False,piano,49,46,141.750378,142.46131739583333
False,piano,77,83,142.125379,142.48006744583333
False,piano,77,88,142.125379,142.48006744583333
False,piano,84,83,142.50038,142.85506844583333
False,piano,84,88,142.50038,142.85506844583333
False,piano,49,42,142.50038,143.21131939583333
False,piano,78,82,142.875381,143.23006944583332
False,piano,78,87,142.875381,143.23006944583332
False,piano,71,78,143.250382,143.60507044583332
False,piano,71,80,143.250382,143.60507044583332
False,piano,71,82,143.250382,143.60507044583332
False,piano,49,40,143.250382,143.96132139583332
False,piano,64,80,143.625383,143.98007144583335
False,piano,64,83,143.625383,143.98007144583335
True,piano,80,75,144.000384,144.35507244583334
False,piano,49,37,144.000384,144.71132339583335
False,piano,49,40,144.000384,144.71132339583335
False,piano,49,49,144.000384,144.71132339583335
True,piano,80,87,144.375385,144.73007344583334
True,piano,80,92,144.375385,144.73007344583334
True,piano,86,82,144.750386,145.10507444583334
True,piano,86,87,144.750386,145.10507444583334
False,piano,55,39,144.750386,145.46132539583334
True,piano,93,80,145.125387,145.48007544583334
True,piano,93,85,145.125387,145.48007544583334
True,piano,100,80,145.500388,146.03320192083333
True,piano,100,84,145.500388,146.03320192083333
False,piano,69,32,145.500388,146.21132739583334
False,piano,69,39,145.500388,146.21132739583334
True,piano,110,77,146.0628895,146.59570342083333
True,piano,110,80,146.0628895,146.59570342083333
False,piano,73,37,146.25039,146.96132939583333
False,piano,73,41,146.25039,146.96132939583333
True,piano,92,75,146.625391,146.98007944583333
True,piano,80,75,147.000392,148.06758234583333
True,piano,80,77,147.000392,148.06758234583333
True,piano,80,80,147.000392,148.06758234583333
False,piano,49,39,147.000392,148.06758234583333
False,piano,49,44,147.000392,148.06758234583333
False,piano,49,51,147.000392,148.06758234583333
True,piano,80,75,148.125395,149.90508724583333
True,piano,80,79,148.125395,149.90508724583333
True,piano,80,82,148.125395,149.90508724583333
False,piano,49,46,148.125395,148.48008344583334
False,piano,49,39,148.125395,149.90508724583333
False,piano,49,51,148.125395,149.90508724583333
True,piano,33,77,150.0004,151.06759034583334
True,piano,33,79,151.125403,152.90509524583334
False,piano,49,49,153.000408,154.42384929583332
False,piano,49,60,153.000408,154.42384929583332
False,piano,49,65,153.000408,154.42384929583332
True,piano,49,89,153.375409,153.73009744583334
True,piano,49,89,153.75041,154.10509844583333
True,piano,49,91,154.12541099999999,154.48009944583333
True,piano,49,91,154.500412,154.85510044583333
False,piano,49,51,154.500412,155.92385329583334
False,piano,49,60,154.500412,155.92385329583334
False,piano,49,67,154.500412,155.92385329583334
True,piano,49,87,154.875413,155.05197597083333
True,piano,49,87,155.0629135,155.59572742083333
True,piano,49,96,155.625415,155.98010344583332
True,piano,49,96,156.000416,157.42385729583333
False,piano,49,53,156.000416,157.42385729583333
False,piano,49,56,156.000416,157.42385729583333
False,piano,49,60,156.000416,157.42385729583333
True,piano,49,96,157.50042,157.85510844583334
True,piano,49,97,157.875421,158.05198397083333
True,piano,49,96,158.0629215,158.59573542083334
False,piano,49,53,158.250422,158.96136139583334
False,piano,49,56,158.250422,158.96136139583334
False,piano,49,60,158.250422,158.96136139583334
True,piano,49,92,158.625423,158.98011144583333
True,piano,49,92,159.000424,159.71136339583333
False,piano,49,49,159.000424,159.17698697083333
False,piano,49,53,159.000424,159.17698697083333
False,piano,49,56,159.1879245,159.36448747083332
False,piano,50,63,159.375425,159.55198797083332
False,piano,51,56,159.5629255,159.73948847083332
False,piano,52,65,159.750426,159.92698897083332
False,piano,53,56,159.9379265,160.11448947083332
False,piano,54,63,160.125427,160.30198997083335
True,piano,55,91,160.3129275,160.48949047083335
False,piano,55,56,160.3129275,160.48949047083335
True,piano,56,92,160.500428,160.85511644583335
False,piano,56,51,160.500428,160.67699097083334
False,piano,56,53,160.500428,160.67699097083334
False,piano,57,55,160.6879285,160.86449147083334
True,piano,58,91,160.875429,161.05199197083334
False,piano,58,63,160.875429,161.05199197083334
True,piano,59,92,161.0629295,161.59574342083334
False,piano,59,55,161.0629295,161.23949247083334
False,piano,60,65,161.25043,161.42699297083334
False,piano,61,55,161.4379305,161.61449347083334
True,piano,62,96,161.625431,161.98011944583334
False,piano,62,63,161.625431,161.80199397083334
False,piano,63,55,161.8129315,161.98949447083334
True,piano,64,96,162.000432,163.78012424583332
False,piano,64,53,162.000432,162.17699497083333
False,piano,65,56,162.1879325,162.36449547083333
False,piano,66,60,162.375433,162.55199597083333
False,piano,67,56,162.56293349999999,162.73949647083333
False,piano,68,63,162.750434,162.92699697083333
False,piano,69,56,162.9379345,163.11449747083333
False,piano,70,60,163.125435,163.30199797083333
False,piano,71,56,163.3129355,163.48949847083333
False,piano,72,44,163.500436,163.67699897083332
False,piano,72,48,163.500436,163.67699897083332
False,piano,72,51,163.500436,163.67699897083332
False,piano,73,56,163.6879365,163.86449947083332
True,piano,74,99,163.875437,164.58637639583333
False,piano,74,60,163.875437,164.05199997083332
False,piano,75,67,164.0629375,164.23950047083332
False,piano,76,43,164.250438,164.42700097083332
False,piano,76,46,164.250438,164.42700097083332
False,piano,76,51,164.250438,164.42700097083332
False,piano,77,63,164.4379385,164.61450147083335
True,piano,78,96,164.625439,164.98012744583335
False,piano,78,58,164.625439,164.80200197083335
False,piano,79,56,164.8129395,164.98950247083334
False,piano,80,37,165.00044,165.17700297083334
False,piano,80,41,165.00044,165.17700297083334
False,piano,80,49,165.00044,165.17700297083334
False,piano,80,49,165.1879405,165.36450347083334
False,piano,80,53,165.1879405,165.36450347083334
True,piano,81,89,165.375441,165.73012944583334
False,piano,81,65,165.375441,165.55200397083334
False,piano,81,68,165.375441,165.55200397083334
False,piano,81,77,165.5629415,165.5629415
False,piano,81,77,165.5629415,165.91762994583334
True,piano,82,89,165.750442,166.10513044583334
False,piano,82,61,165.750442,165.92700497083334
False,piano,82,65,165.750442,165.92700497083334
False,piano,83,72,165.9379425,165.9379425
False,piano,83,72,165.9379425,166.47075642083334
True,piano,83,91,166.125443,166.48013144583334
False,piano,83,56,166.125443,166.30200597083333
False,piano,83,61,166.125443,166.30200597083333
False,piano,84,53,166.3129435,166.48950647083333
True,piano,85,91,166.500444,166.85513244583333
False,piano,85,39,166.500444,166.67700697083333
False,piano,85,43,166.500444,166.67700697083333
False,piano,85,51,166.500444,166.67700697083333
False,piano,85,51,166.6879445,166.86450747083333
False,piano,85,55,166.6879445,166.86450747083333
True,piano,86,87,166.875445,167.05200797083333
False,piano,86,60,166.875445,167.05200797083333
False,piano,86,63,166.875445,167.05200797083333
True,piano,86,87,167.0629455,167.59575942083333
False,piano,86,75,167.0629455,167.0629455
False,piano,86,75,167.0629455,167.41763394583333
False,piano,87,68,167.250446,167.42700897083333
False,piano,88,72,167.4379465,167.4379465
False,piano,88,72,167.4379465,167.97076042083333
True,piano,88,96,167.625447,167.98013544583333
False,piano,88,63,167.625447,167.80200997083332
False,piano,88,67,167.625447,167.80200997083332
False,piano,89,60,167.8129475,167.98951047083332
True,piano,90,96,168.000448,169.42388929583333
False,piano,90,41,168.000448,168.17701097083332
False,piano,90,44,168.000448,168.17701097083332
False,piano,90,53,168.000448,168.17701097083332
False,piano,90,53,168.1879485,168.36451147083332
False,piano,90,56,168.1879485,168.36451147083332
False,piano,91,65,168.375449,168.55201197083332
False,piano,91,68,168.375449,168.55201197083332
False,piano,91,77,168.5629495,168.5629495
False,piano,91,77,168.5629495,168.91763794583332
False,piano,92,60,168.75045,168.92701297083335
False,piano,92,65,168.75045,168.92701297083335
False,piano,93,72,168.9379505,168.9379505
False,piano,93,72,168.9379505,169.47076442083332
False,piano,93,65,169.125451,169.30201397083334
False,piano,93,68,169.125451,169.30201397083334
False,piano,94,60,169.3129515,169.48951447083334
True,piano,95,96,169.500452,169.85514044583334
False,piano,95,44,169.500452,169.67701497083334
False,piano,95,53,169.500452,169.67701497083334
False,piano,95,53,169.6879525,169.86451547083334
False,piano,95,56,169.6879525,169.86451547083334
True,piano,96,97,169.875453,170.05201597083334
False,piano,96,65,169.875453,170.05201597083334
False,piano,96,68,169.875453,170.05201597083334
True,piano,96,99,170.0629535,170.41764194583334
False,piano,96,75,170.0629535,170.0629535
False,piano,96,75,170.0629535,170.41764194583334
False,piano,97,60,170.250454,170.42701697083334
False,piano,97,65,170.250454,170.42701697083334
True,piano,98,92,170.4379545,170.79264294583334
False,piano,98,72,170.4379545,170.4379545
False,piano,98,72,170.4379545,170.97076842083334
False,piano,98,65,170.625455,170.80201797083333
False,piano,98,68,170.625455,170.80201797083333
True,piano,99,99,170.8129555,172.05827132083334
False,piano,99,60,170.8129555,170.98951847083333
False,piano,80,37,171.00045599999999,171.17701897083333
False,piano,80,41,171.00045599999999,171.17701897083333
False,piano,80,49,171.00045599999999,171.17701897083333
False,piano,79,49,171.1879565,171.36451947083333
False,piano,79,53,171.1879565,171.36451947083333
False,piano,77,65,171.375457,171.55201997083333
False,piano,77,68,171.375457,171.55201997083333
False,piano,75,77,171.5629575,171.5629575
False,piano,75,77,171.5629575,171.91764594583333
False,piano,73,61,171.750458,171.92702097083333
False,piano,73,65,171.750458,171.92702097083333
False,piano,71,72,171.9379585,171.9379585
False,piano,71,72,171.9379585,172.47077242083333
True,piano,69,97,172.125459,172.30202197083332
False,piano,69,56,172.125459,172.30202197083332
False,piano,69,61,172.125459,172.30202197083332
True,piano,67,96,172.3129595,172.84577342083332
False,piano,67,53,172.3129595,172.48952247083332
False,piano,65,39,172.50046,172.67702297083332
False,piano,65,43,172.50046,172.67702297083332
False,piano,65,51,172.50046,172.67702297083332
False,piano,63,51,172.6879605,172.86452347083332
False,piano,63,55,172.6879605,172.86452347083332
True,piano,61,97,172.875461,173.05202397083335
False,piano,61,55,172.875461,173.05202397083335
False,piano,61,60,172.875461,173.05202397083335
False,piano,61,63,172.875461,173.05202397083335
True,piano,59,96,173.0629615,176.08953207083334
False,piano,59,75,173.0629615,176.08953207083334
True,piano,33,79,176.25047,176.96140939583333
True,piano,33,91,176.25047,176.96140939583333
False,piano,33,55,176.25047,176.96140939583333
False,piano,33,63,176.25047,176.96140939583333
False,piano,33,67,176.25047,176.96140939583333
True,piano,49,68,177.000472,177.000472
True,piano,49,80,177.000472,177.1879725
True,piano,49,68,177.000472,177.35516044583332
False,piano,49,56,177.000472,179.84891709583334
True,piano,49,80,177.1879725,177.36453547083335
True,piano,49,79,177.375473,177.55203597083334
True,piano,49,80,177.5629735,177.73953647083334
True,piano,49,75,177.750474,177.92703697083334
True,piano,49,80,177.9379745,178.11453747083334
True,piano,49,73,178.125475,178.30203797083334
True,piano,49,80,178.3129755,178.48953847083334
True,piano,49,72,178.500476,178.67703897083334
True,piano,49,80,178.6879765,178.86453947083334
True,piano,49,70,178.875477,179.05203997083333
True,piano,49,80,179.0629775,179.23954047083333
True,piano,49,72,179.250478,179.42704097083333
True,piano,49,80,179.43797849999999,179.61454147083333
True,piano,49,73,179.625479,179.80204197083333
True,piano,49,80,179.8129795,179.98954247083333
True,piano,49,68,180.00048,180.17704297083333
False,piano,49,58,180.00048,182.84892509583332
True,piano,47,80,180.1879805,180.36454347083333
True,piano,44,79,180.375481,180.55204397083332
True,piano,44,91,180.375481,180.55204397083332
True,piano,41,80,180.5629815,180.73954447083332
True,piano,39,75,180.750482,180.92704497083332
True,piano,39,87,180.750482,180.92704497083332
True,piano,36,80,180.9379825,181.11454547083332
True,piano,33,73,181.125483,182.19267334583333
True,piano,33,85,181.125483,182.19267334583333
True,piano,49,67,182.250486,182.96142539583334
True,piano,49,79,182.250486,182.96142539583334
True,piano,49,68,183.000488,183.000488
True,piano,49,80,183.000488,183.1879885
True,piano,49,68,183.000488,183.35517644583334
False,piano,49,60,183.000488,185.84893309583333
True,piano,49,80,183.1879885,183.36455147083333
True,piano,49,79,183.375489,183.55205197083333
True,piano,49,80,183.5629895,183.73955247083333
True,piano,49,75,183.75049,183.92705297083333
True,piano,49,84,183.75049,183.92705297083333
True,piano,49,87,183.75049,183.92705297083333
True,piano,49,80,183.9379905,184.11455347083333
True,piano,49,73,184.125491,184.30205397083333
True,piano,49,82,184.125491,184.30205397083333
True,piano,49,85,184.125491,184.30205397083333
True,piano,49,80,184.3129915,184.48955447083333
True,piano,49,72,184.500492,184.67705497083332
True,piano,49,80,184.500492,184.67705497083332
True,piano,49,84,184.500492,184.67705497083332
True,piano,49,80,184.6879925,184.86455547083332
True,piano,49,70,184.875493,185.05205597083332
True,piano,49,79,184.875493,185.05205597083332
True,piano,49,82,184.875493,185.05205597083332
True,piano,49,80,185.0629935,185.23955647083332
True,piano,49,72,185.250494,185.42705697083332
True,piano,49,80,185.250494,185.42705697083332
True,piano,49,84,185.250494,185.42705697083332
True,piano,49,80,185.4379945,185.61455747083335
True,piano,49,73,185.625495,185.80205797083335
True,piano,49,82,185.625495,185.80205797083335
True,piano,49,85,185.625495,185.80205797083335
True,piano,49,80,185.8129955,185.98955847083334
True,piano,49,68,186.000496,186.17705897083334
False,piano,49,61,186.000496,188.84894109583334
True,piano,49,80,186.1879965,186.36455947083334
True,piano,48,79,186.375497,186.55205997083334
True,piano,48,91,186.375497,186.55205997083334
True,piano,47,80,186.5629975,186.73956047083334
True,piano,46,85,186.750498,186.80518564583332
True,piano,46,87,186.750498,186.8629983
True,piano,46,75,186.750498,186.92706097083334
True,piano,46,86,186.80674815,186.86143579583333
True,piano,46,87,186.8629983,187.46456240416666
True,piano,45,80,186.9379985,187.11456147083334
True,piano,45,73,187.125499,188.19268934583334
True,piano,45,85,187.125499,188.19268934583334
True,piano,40,75,188.250502,188.60519044583333
True,piano,40,87,188.250502,188.60519044583333
True,piano,38,73,188.625503,189.69269334583333
True,piano,38,85,188.625503,189.69269334583333
True,piano,33,87,189.750506,190.10519444583332
True,piano,33,99,189.750506,190.10519444583332
True,piano,33,85,190.125507,194.75520684583333
True,piano,33,97,190.125507,194.75520684583333
