user_played, instrument_name, velocity, pitch, start (s), end (s)
True,piano,85,78,1.7142840000000001,2.142855
False,piano,60,63,1.7142840000000001,2.571426
False,piano,60,59,1.7142840000000001,2.571426
False,piano,60,47,1.7142840000000001,2.571426
True,piano,85,78,2.3571405,2.571426
True,piano,85,77,2.571426,2.7857115
False,piano,60,47,2.571426,3.4285680000000003
False,piano,60,59,2.571426,3.4285680000000003
False,piano,60,62,2.571426,3.4285680000000003
True,piano,85,78,2.7857115,2.999997
True,piano,85,80,2.999997,3.2142825
True,piano,85,73,3.2142825,3.4285680000000003
True,piano,85,82,3.4285680000000003,3.857139
False,piano,60,46,3.4285680000000003,4.28571
False,piano,60,54,3.4285680000000003,4.28571
False,piano,60,61,3.4285680000000003,4.28571
True,piano,85,81,3.857139,4.0714245
True,piano,85,82,4.0714245,4.28571
True,piano,85,87,4.28571,4.714281
False,piano,60,60,4.28571,5.142852
False,piano,60,45,4.28571,5.142852
False,piano,60,54,4.28571,5.142852
True,piano,85,82,4.9285665000000005,5.3571375
False,piano,60,51,5.142852,5.999994
False,piano,60,59,5.142852,5.999994
False,piano,60,66,5.142852,5.999994
True,piano,85,80,5.3571375,5.571423
True,piano,85,80,5.571423,5.7857085
True,piano,85,78,5.7857085,5.999994
True,piano,85,78,5.999994,6.2142795
False,piano,60,51,5.999994,6.2142795
False,piano,60,59,5.999994,6.2142795
False,piano,60,66,5.999994,6.2142795
True,piano,85,77,6.428565,6.6428505
True,piano,100,63,6.857136000000001,7.0714215000000005
True,piano,85,78,6.857136000000001,7.285707
False,piano,89,35,6.857136000000001,7.285707
True,piano,100,70,7.17856425,7.4999925
False,piano,89,47,7.17856425,7.39284975
False,piano,89,35,7.285707,7.714278
True,piano,100,63,7.4999925,7.714278
False,piano,89,47,7.4999925,7.714278
True,piano,100,62,7.714278,7.9285635
False,piano,89,35,7.714278,7.9285635
False,piano,89,47,7.714278,8.142849
True,piano,100,70,8.03570625,8.3571345
False,piano,89,35,8.03570625,8.24999175
False,piano,89,47,8.142849,8.57142
True,piano,100,62,8.3571345,8.57142
False,piano,89,35,8.3571345,8.57142
True,piano,100,61,8.57142,8.7857055
False,piano,89,34,8.57142,8.999991
True,piano,100,68,8.89284825,9.2142765
False,piano,89,46,8.89284825,9.107133750000001
False,piano,89,34,8.999991,9.428562
True,piano,100,73,9.2142765,9.428562
False,piano,89,46,9.2142765,9.428562
True,piano,100,78,9.428562,9.74999025
False,piano,89,34,9.428562,9.6428475
False,piano,89,46,9.428562,9.857133000000001
True,piano,100,73,9.74999025,10.0714185
False,piano,89,34,9.74999025,9.96427575
False,piano,89,46,9.857133000000001,10.285704
True,piano,100,68,10.0714185,10.285704
False,piano,89,34,10.0714185,10.285704
True,piano,100,59,10.285704,10.607132250000001
False,piano,89,32,10.285704,10.714275
True,piano,100,63,10.607132250000001,10.9285605
False,piano,89,44,10.607132250000001,10.82141775
False,piano,89,32,10.714275,11.142846
True,piano,100,66,10.9285605,11.142846
False,piano,89,44,10.9285605,11.142846
True,piano,100,71,11.142846,11.46427425
False,piano,89,28,11.142846,11.3571315
False,piano,89,40,11.142846,11.571417
True,piano,100,70,11.46427425,11.785702500000001
False,piano,89,28,11.46427425,11.67855975
False,piano,89,40,11.571417,11.999988
True,piano,100,71,11.785702500000001,11.999988
False,piano,89,28,11.785702500000001,11.999988
True,piano,100,73,11.999988,12.214273500000001
True,piano,70,81,11.999988,12.214273500000001
False,piano,89,37,11.999988,12.10713075
False,piano,89,49,11.999988,12.10713075
True,piano,100,73,12.32141625,12.535701750000001
True,piano,70,81,12.32141625,12.535701750000001
False,piano,89,49,12.32141625,12.428559
False,piano,89,37,12.32141625,12.428559
True,piano,100,73,12.6428445,12.85713
True,piano,70,81,12.6428445,12.85713
False,piano,89,49,12.6428445,12.74998725
False,piano,89,37,12.6428445,12.74998725
True,piano,100,73,12.85713,13.0714155
True,piano,70,81,12.85713,13.0714155
False,piano,89,49,12.85713,12.964272750000001
False,piano,89,37,12.85713,12.964272750000001
True,piano,86,97,13.0714155,13.0982011875
False,piano,89,49,13.0714155,13.17855825
True,piano,86,95,13.0982011875,13.124986875000001
True,piano,86,93,13.124986875000001,13.1517725625
True,piano,86,91,13.1517725625,13.17855825
True,piano,86,89,13.17855825,13.2053439375
False,piano,89,49,13.17855825,13.285701
True,piano,86,87,13.2053439375,13.232129625
True,piano,86,85,13.232129625,13.258915312500001
True,piano,86,83,13.258915312500001,13.285701
True,piano,86,81,13.285701,13.3124866875
False,piano,89,49,13.285701,13.39284375
True,piano,86,79,13.3124866875,13.339272375
True,piano,86,77,13.339272375,13.3660580625
True,piano,86,75,13.3660580625,13.39284375
True,piano,86,73,13.39284375,13.419629437500001
True,piano,86,71,13.419629437500001,13.446415125
True,piano,86,69,13.446415125,13.4732008125
True,piano,86,67,13.4732008125,13.4999865
True,piano,86,65,13.4999865,13.5267721875
False,piano,89,49,13.4999865,13.60712925
True,piano,86,63,13.5267721875,13.553557875000001
True,piano,86,61,13.553557875000001,13.60712925
False,piano,70,42,13.714272000000001,13.82141475
True,piano,90,73,13.9285575,14.142843000000001
False,piano,70,66,13.9285575,14.03570025
False,piano,70,58,13.9285575,14.03570025
False,piano,70,42,14.03570025,14.142843000000001
True,piano,90,73,14.142843000000001,14.3571285
False,piano,70,42,14.142843000000001,14.3571285
True,piano,90,73,14.3571285,14.571414
False,piano,70,58,14.3571285,14.464271250000001
False,piano,70,66,14.3571285,14.464271250000001
True,piano,90,73,14.571414,14.7856995
False,piano,70,42,14.571414,14.67855675
True,piano,90,71,14.7856995,14.999985
False,piano,70,66,14.7856995,14.892842250000001
False,piano,70,58,14.7856995,14.892842250000001
False,piano,70,42,14.892842250000001,14.999985
True,piano,90,70,14.999985,15.2142705
False,piano,70,42,14.999985,15.2142705
True,piano,90,71,15.2142705,15.428556
False,piano,70,58,15.2142705,15.32141325
False,piano,70,66,15.2142705,15.32141325
True,piano,90,73,15.428556,15.642841500000001
False,piano,70,49,15.428556,15.53569875
True,piano,90,73,15.642841500000001,15.857127
False,piano,70,65,15.642841500000001,15.74998425
False,piano,70,61,15.642841500000001,15.74998425
False,piano,70,49,15.74998425,15.857127
True,piano,90,73,15.857127,16.0714125
False,piano,70,49,15.857127,16.0714125
True,piano,90,75,16.0714125,16.17855525
False,piano,70,61,16.0714125,16.17855525
False,piano,70,65,16.0714125,16.17855525
True,piano,90,73,16.17855525,16.60712625
False,piano,70,49,16.285698,16.39284075
False,piano,70,65,16.4999835,16.60712625
False,piano,70,61,16.4999835,16.60712625
False,piano,70,49,16.60712625,16.714269
False,piano,70,49,16.714269,16.9285545
False,piano,70,61,16.9285545,17.035697250000002
False,piano,70,65,16.9285545,17.035697250000002
False,piano,70,51,17.14284,17.24998275
True,piano,90,73,17.357125500000002,17.571411
False,piano,70,66,17.357125500000002,17.46426825
False,piano,70,63,17.357125500000002,17.46426825
False,piano,70,51,17.46426825,17.571411
True,piano,90,73,17.571411,17.7856965
False,piano,70,51,17.571411,17.7856965
True,piano,90,73,17.7856965,17.999982
False,piano,70,63,17.7856965,17.89283925
False,piano,70,66,17.7856965,17.89283925
True,piano,90,73,17.999982,18.214267500000002
False,piano,70,51,17.999982,18.10712475
True,piano,90,71,18.214267500000002,18.428553
False,piano,70,66,18.214267500000002,18.32141025
False,piano,70,63,18.214267500000002,18.32141025
False,piano,70,51,18.32141025,18.428553
True,piano,90,70,18.428553,18.6428385
False,piano,70,51,18.428553,18.6428385
True,piano,90,71,18.6428385,18.857124
False,piano,70,63,18.6428385,18.74998125
False,piano,70,66,18.6428385,18.74998125
True,piano,90,73,18.857124,19.17855225
False,piano,70,46,18.857124,18.96426675
False,piano,70,65,19.0714095,19.17855225
False,piano,70,61,19.0714095,19.17855225
True,piano,90,78,19.17855225,19.4999805
False,piano,70,46,19.17855225,19.285695
False,piano,70,46,19.285695,19.4999805
True,piano,90,77,19.4999805,19.714266000000002
False,piano,70,61,19.4999805,19.60712325
False,piano,70,65,19.4999805,19.60712325
True,piano,90,73,19.714266000000002,20.142837
False,piano,70,46,19.714266000000002,19.82140875
False,piano,70,65,19.9285515,20.03569425
False,piano,70,61,19.9285515,20.03569425
False,piano,70,46,20.03569425,20.142837
False,piano,70,46,20.142837,20.3571225
True,piano,90,73,20.3571225,20.46426525
False,piano,70,65,20.3571225,20.46426525
False,piano,70,61,20.3571225,20.46426525
True,piano,90,73,20.46426525,20.571408
True,piano,90,73,20.571408,20.892836250000002
False,piano,70,47,20.571408,20.67855075
False,piano,70,66,20.7856935,20.892836250000002
False,piano,70,63,20.7856935,20.892836250000002
True,piano,90,71,20.892836250000002,21.214264500000002
False,piano,70,47,20.892836250000002,20.999979
False,piano,70,47,20.999979,21.214264500000002
True,piano,90,70,21.214264500000002,21.42855
False,piano,70,63,21.214264500000002,21.32140725
False,piano,70,66,21.214264500000002,21.32140725
True,piano,90,71,21.42855,21.857121
False,piano,70,47,21.42855,21.53569275
False,piano,70,66,21.6428355,21.74997825
False,piano,70,63,21.6428355,21.74997825
False,piano,70,47,21.74997825,21.857121
False,piano,70,47,21.857121,22.071406500000002
True,piano,90,71,22.071406500000002,22.17854925
False,piano,70,66,22.071406500000002,22.17854925
False,piano,70,63,22.071406500000002,22.17854925
True,piano,90,71,22.17854925,22.285692
True,piano,90,71,22.285692,22.60712025
False,piano,70,42,22.285692,22.392834750000002
False,piano,70,66,22.4999775,22.60712025
False,piano,70,61,22.4999775,22.60712025
True,piano,90,70,22.60712025,22.9285485
False,piano,70,42,22.60712025,22.714263
False,piano,70,42,22.714263,22.9285485
True,piano,90,68,22.9285485,23.142834
False,piano,70,61,22.9285485,23.03569125
False,piano,70,66,22.9285485,23.03569125
True,piano,90,70,23.142834,23.571405000000002
False,piano,70,42,23.142834,23.249976750000002
False,piano,70,66,23.3571195,23.46426225
False,piano,70,61,23.3571195,23.46426225
False,piano,70,42,23.46426225,23.571405000000002
False,piano,70,42,23.571405000000002,23.7856905
True,piano,90,70,23.7856905,23.999976
False,piano,70,66,23.7856905,23.89283325
False,piano,70,61,23.7856905,23.89283325
True,piano,90,70,23.999976,24.32140425
False,piano,70,47,23.999976,24.10711875
False,piano,70,58,24.2142615,24.32140425
False,piano,70,54,24.2142615,24.32140425
True,piano,90,68,24.32140425,24.6428325
False,piano,70,47,24.32140425,24.428547000000002
False,piano,70,47,24.428547000000002,24.6428325
True,piano,90,66,24.6428325,24.857118
False,piano,70,54,24.6428325,24.749975250000002
False,piano,70,58,24.6428325,24.749975250000002
True,piano,90,66,24.857118,25.285689
False,piano,70,47,24.857118,24.96426075
False,piano,70,58,25.071403500000002,25.17854625
False,piano,70,54,25.071403500000002,25.17854625
False,piano,70,47,25.17854625,25.285689
True,piano,90,63,25.285689,25.71426
False,piano,70,47,25.285689,25.4999745
False,piano,70,54,25.4999745,25.60711725
False,piano,70,58,25.4999745,25.60711725
True,piano,90,66,25.71426,26.142831
False,piano,70,49,25.71426,25.82140275
False,piano,70,51,25.71426,25.928545500000002
False,piano,70,54,25.928545500000002,26.142831
False,piano,70,49,26.03568825,26.142831
False,piano,70,49,26.142831,26.3571165
False,piano,70,61,26.142831,26.3571165
True,piano,90,68,26.3571165,26.571402
False,piano,70,54,26.3571165,26.571402
True,piano,90,68,26.571402,27.2142585
False,piano,70,49,26.571402,26.67854475
False,piano,70,53,26.571402,26.7856875
False,piano,70,54,26.7856875,26.999973
False,piano,70,49,26.89283025,26.999973
False,piano,70,46,26.999973,27.2142585
False,piano,70,61,26.999973,27.2142585
False,piano,70,44,27.2142585,27.428544000000002
False,piano,70,54,27.2142585,27.428544000000002
False,piano,70,42,27.428544000000002,27.53568675
True,piano,90,73,27.6428295,27.857115
False,piano,70,66,27.6428295,27.74997225
False,piano,70,58,27.6428295,27.74997225
False,piano,70,42,27.74997225,27.857115
True,piano,90,73,27.857115,28.0714005
False,piano,70,42,27.857115,28.0714005
True,piano,90,73,28.0714005,28.285686000000002
False,piano,70,58,28.0714005,28.17854325
False,piano,70,66,28.0714005,28.17854325
True,piano,90,73,28.285686000000002,28.4999715
False,piano,70,42,28.285686000000002,28.39282875
True,piano,90,71,28.4999715,28.714257
False,piano,70,66,28.4999715,28.607114250000002
False,piano,70,58,28.4999715,28.607114250000002
False,piano,70,42,28.607114250000002,28.714257
True,piano,90,70,28.714257,28.928542500000002
False,piano,70,42,28.714257,28.928542500000002
True,piano,90,71,28.928542500000002,29.142828
False,piano,70,58,28.928542500000002,29.03568525
False,piano,70,66,28.928542500000002,29.03568525
True,piano,90,73,29.142828,29.3571135
False,piano,70,49,29.142828,29.24997075
True,piano,90,73,29.3571135,29.571399
False,piano,70,65,29.3571135,29.464256250000002
False,piano,70,61,29.3571135,29.464256250000002
False,piano,70,49,29.464256250000002,29.571399
True,piano,90,73,29.571399,29.785684500000002
False,piano,70,49,29.571399,29.785684500000002
True,piano,90,75,29.785684500000002,29.89282725
False,piano,70,61,29.785684500000002,29.89282725
False,piano,70,65,29.785684500000002,29.89282725
True,piano,90,73,29.89282725,30.32139825
False,piano,70,49,29.99997,30.107112750000002
False,piano,70,65,30.2142555,30.32139825
False,piano,70,61,30.2142555,30.32139825
False,piano,70,49,30.32139825,30.428541
False,piano,70,49,30.428541,30.6428265
False,piano,70,61,30.6428265,30.74996925
False,piano,70,65,30.6428265,30.74996925
False,piano,70,51,30.857112,30.964254750000002
True,piano,90,73,31.0713975,31.285683000000002
False,piano,70,66,31.0713975,31.17854025
False,piano,70,63,31.0713975,31.17854025
False,piano,70,51,31.17854025,31.285683000000002
True,piano,90,73,31.285683000000002,31.4999685
False,piano,70,51,31.285683000000002,31.4999685
True,piano,90,73,31.4999685,31.714254
False,piano,70,63,31.4999685,31.60711125
False,piano,70,66,31.4999685,31.60711125
True,piano,90,73,31.714254,31.9285395
False,piano,70,51,31.714254,31.82139675
True,piano,90,71,31.9285395,32.142825
False,piano,70,66,31.9285395,32.03568225
False,piano,70,63,31.9285395,32.03568225
False,piano,70,51,32.03568225,32.142825
True,piano,90,70,32.142825,32.3571105
False,piano,70,51,32.142825,32.3571105
True,piano,90,71,32.3571105,32.571396
False,piano,70,63,32.3571105,32.46425325
False,piano,70,66,32.3571105,32.46425325
True,piano,90,73,32.571396,32.892824250000004
False,piano,70,46,32.571396,32.67853875
False,piano,70,65,32.7856815,32.892824250000004
False,piano,70,61,32.7856815,32.892824250000004
True,piano,90,78,32.892824250000004,33.2142525
False,piano,70,46,32.892824250000004,32.999967
False,piano,70,46,32.999967,33.2142525
True,piano,90,77,33.2142525,33.428538
False,piano,70,61,33.2142525,33.32139525
False,piano,70,65,33.2142525,33.32139525
True,piano,90,73,33.428538,33.857109
False,piano,70,46,33.428538,33.53568075
False,piano,70,65,33.6428235,33.74996625
False,piano,70,61,33.6428235,33.74996625
False,piano,70,46,33.74996625,33.857109
False,piano,70,46,33.857109,34.071394500000004
True,piano,90,73,34.071394500000004,34.28568
False,piano,70,65,34.071394500000004,34.17853725
False,piano,70,61,34.071394500000004,34.17853725
True,piano,90,73,34.28568,34.60710825
False,piano,70,47,34.28568,34.39282275
False,piano,70,66,34.4999655,34.60710825
False,piano,70,63,34.4999655,34.60710825
True,piano,90,71,34.60710825,34.9285365
False,piano,70,47,34.60710825,34.714251000000004
False,piano,70,47,34.714251000000004,34.9285365
True,piano,90,70,34.9285365,35.142822
False,piano,70,63,34.9285365,35.03567925
False,piano,70,66,34.9285365,35.03567925
True,piano,90,71,35.142822,35.571393
False,piano,70,47,35.142822,35.249964750000004
False,piano,70,66,35.3571075,35.46425025
False,piano,70,63,35.3571075,35.46425025
False,piano,70,47,35.46425025,35.571393
False,piano,70,47,35.571393,35.7856785
True,piano,90,71,35.7856785,35.999964
False,piano,70,66,35.7856785,35.892821250000004
False,piano,70,63,35.7856785,35.892821250000004
False,piano,70,49,35.7856785,35.999964
True,piano,90,71,35.999964,36.32139225
False,piano,70,51,35.999964,36.428535000000004
False,piano,70,66,35.999964,36.428535000000004
False,piano,70,61,35.999964,36.428535000000004
True,piano,90,70,36.32139225,36.6428205
False,piano,70,49,36.428535000000004,36.857106
False,piano,70,61,36.428535000000004,36.857106
False,piano,70,65,36.428535000000004,36.857106
True,piano,90,68,36.6428205,36.857106
True,piano,90,70,36.857106,37.285677
False,piano,70,51,36.857106,37.285677
False,piano,70,61,36.857106,37.285677
False,piano,70,66,36.857106,37.285677
False,piano,70,54,37.285677,37.39281975
False,piano,70,66,37.285677,37.4999625
False,piano,70,61,37.285677,37.714248
False,piano,70,49,37.39281975,37.4999625
True,piano,90,66,37.4999625,37.714248
False,piano,70,42,37.4999625,37.714248
True,piano,90,70,37.714248,38.03567625
False,piano,70,47,37.714248,37.82139075
False,piano,70,66,37.9285335,38.03567625
False,piano,70,63,37.9285335,38.03567625
True,piano,90,71,38.03567625,38.3571045
False,piano,70,47,38.03567625,38.142819
False,piano,70,47,38.142819,38.3571045
True,piano,90,73,38.3571045,38.57139
False,piano,70,63,38.3571045,38.46424725
False,piano,70,66,38.3571045,38.46424725
True,piano,90,70,38.57139,38.999961
False,piano,70,47,38.57139,38.67853275
False,piano,70,66,38.7856755,38.89281825
False,piano,70,63,38.7856755,38.89281825
False,piano,70,47,38.89281825,38.999961
True,piano,90,68,38.999961,39.2142465
False,piano,70,47,38.999961,39.2142465
True,piano,90,68,39.2142465,39.428532000000004
False,piano,70,63,39.2142465,39.32138925
False,piano,70,66,39.2142465,39.32138925
True,piano,90,66,39.428532000000004,40.714245
False,piano,70,42,39.428532000000004,39.53567475
False,piano,70,61,39.6428175,39.74996025
False,piano,70,54,39.6428175,39.74996025
False,piano,70,42,39.74996025,39.857103
False,piano,70,42,39.857103,40.0713885
False,piano,70,54,40.0713885,40.17853125
False,piano,70,61,40.0713885,40.17853125
False,piano,70,58,40.285674,40.39281675
False,piano,70,55,40.285674,40.39281675
False,piano,70,52,40.285674,40.39281675
False,piano,70,58,40.4999595,40.714245
False,piano,70,55,40.4999595,40.714245
False,piano,70,52,40.4999595,40.714245
False,piano,70,58,40.82138775,41.03567325
False,piano,70,55,40.82138775,41.03567325
False,piano,70,52,40.82138775,41.03567325
True,piano,90,63,41.142816,41.3571015
False,piano,70,39,41.142816,41.999958
False,piano,70,51,41.3571015,41.571387
True,piano,90,63,41.46424425,41.67852975
True,piano,90,63,41.785672500000004,41.999958
False,piano,70,51,41.785672500000004,41.999958
True,piano,90,64,41.999958,42.2142435
False,piano,70,40,41.999958,42.8571
True,piano,90,64,42.2142435,42.428529000000005
False,piano,70,52,42.2142435,42.428529000000005
True,piano,90,60,42.428529000000005,42.6428145
True,piano,90,64,42.6428145,42.8571
False,piano,70,52,42.6428145,42.8571
True,piano,90,65,42.8571,43.0713855
False,piano,70,41,42.8571,43.714242
False,piano,70,53,43.0713855,43.285671
True,piano,90,65,43.17852825,43.39281375
True,piano,90,65,43.4999565,43.714242
False,piano,70,53,43.4999565,43.714242
True,piano,90,66,43.714242,43.9285275
False,piano,70,42,43.714242,44.142813000000004
True,piano,90,66,43.9285275,44.142813000000004
False,piano,70,54,43.9285275,44.142813000000004
True,piano,90,67,44.142813000000004,44.3570985
False,piano,70,43,44.142813000000004,44.571384
True,piano,90,67,44.3570985,44.571384
False,piano,70,55,44.3570985,44.571384
True,piano,90,68,44.571384,44.785669500000004
False,piano,70,44,44.571384,45.428526
False,piano,70,56,44.785669500000004,44.999955
True,piano,90,61,44.999955,45.2142405
True,piano,90,61,45.2142405,45.428526
False,piano,70,56,45.2142405,45.428526
True,piano,90,61,45.428526,45.6428115
False,piano,70,37,45.428526,46.285668
False,piano,70,49,45.6428115,45.857097
True,piano,90,58,45.74995425,45.964239750000004
True,piano,90,61,46.0713825,46.285668
False,piano,70,49,46.0713825,46.285668
True,piano,90,58,46.285668,46.499953500000004
False,piano,70,42,46.285668,47.142810000000004
False,piano,70,54,46.499953500000004,46.714239
False,piano,70,54,46.9285245,47.142810000000004
False,piano,70,40,47.142810000000004,47.999952
False,piano,70,52,47.3570955,47.571381
False,piano,70,52,47.7856665,47.999952
True,piano,90,63,47.999952,48.2142375
True,piano,90,75,47.999952,48.2142375
False,piano,90,51,47.999952,48.2142375
False,piano,90,39,47.999952,48.2142375
True,piano,90,75,48.321380250000004,48.53566575
True,piano,90,63,48.321380250000004,48.53566575
False,piano,90,51,48.321380250000004,48.53566575
False,piano,90,39,48.321380250000004,48.53566575
True,piano,90,77,48.6428085,48.857094000000004
True,piano,90,65,48.6428085,48.857094000000004
False,piano,90,53,48.6428085,48.857094000000004
False,piano,90,41,48.6428085,48.857094000000004
True,piano,90,63,49.0713795,49.285665
True,piano,90,65,49.285665,49.499950500000004
True,piano,90,66,49.499950500000004,49.714236
True,piano,90,68,49.714236,49.9285215
False,piano,90,53,49.714236,49.9285215
False,piano,90,41,49.714236,49.9285215
True,piano,90,71,49.9285215,50.142807000000005
False,piano,90,53,50.03566425,50.24994975
False,piano,90,41,50.03566425,50.24994975
True,piano,90,70,50.142807000000005,50.3570925
True,piano,90,66,50.3570925,50.571378
False,piano,90,42,50.3570925,51.42852
False,piano,90,54,50.3570925,51.42852
True,piano,90,63,50.7856635,50.999949
True,piano,90,66,50.999949,51.2142345
True,piano,90,68,51.2142345,51.42852
True,piano,90,70,51.42852,52.0713765
False,piano,100,40,51.42852,51.6428055
False,piano,100,52,51.42852,51.6428055
False,piano,100,40,51.6428055,51.857091000000004
False,piano,100,52,51.6428055,51.857091000000004
False,piano,33,52,51.857091000000004,52.0713765
True,piano,90,66,52.0713765,52.17851925
False,piano,43,40,52.0713765,52.285662
True,piano,90,63,52.17851925,52.285662
True,piano,90,66,52.285662,53.142804
False,piano,56,52,52.285662,52.499947500000005
False,piano,67,40,52.499947500000005,52.714233
False,piano,78,52,52.714233,52.9285185
False,piano,90,40,52.9285185,53.142804
False,piano,100,39,53.142804,53.3570895
False,piano,100,51,53.142804,53.3570895
False,piano,100,39,53.3570895,53.571375
False,piano,100,51,53.3570895,53.571375
False,piano,33,51,53.571375,53.7856605
True,piano,90,63,53.7856605,53.89280325
False,piano,43,39,53.7856605,53.999946
True,piano,90,63,53.89280325,53.999946
True,piano,90,70,53.999946,54.32137425
False,piano,56,51,53.999946,54.214231500000004
False,piano,67,39,54.214231500000004,54.428517
True,piano,90,68,54.32137425,54.6428025
False,piano,78,51,54.428517,54.6428025
True,piano,90,66,54.6428025,54.857088000000005
False,piano,90,39,54.6428025,54.857088000000005
True,piano,90,68,54.857088000000005,55.9285155
False,piano,100,38,54.857088000000005,55.0713735
False,piano,100,46,54.857088000000005,55.0713735
False,piano,100,46,55.17851625,55.4999445
False,piano,100,38,55.17851625,55.4999445
False,piano,60,38,55.4999445,55.71423
False,piano,60,46,55.4999445,55.71423
False,piano,100,38,55.71423,55.9285155
False,piano,100,46,55.71423,55.9285155
True,piano,90,68,55.9285155,56.142801
False,piano,100,46,56.035658250000004,56.3570865
False,piano,100,38,56.035658250000004,56.3570865
True,piano,90,70,56.142801,56.3570865
True,piano,90,71,56.3570865,56.571372000000004
False,piano,60,38,56.3570865,56.571372000000004
False,piano,60,46,56.3570865,56.571372000000004
True,piano,90,73,56.571372000000004,57.214228500000004
False,piano,100,41,56.571372000000004,56.7856575
False,piano,100,49,56.571372000000004,56.7856575
False,piano,100,53,56.571372000000004,56.7856575
True,piano,50,61,56.7856575,56.8124431875
True,piano,50,63,56.8124431875,56.839228875
True,piano,50,65,56.839228875,56.8660145625
True,piano,50,67,56.8660145625,56.89280025
True,piano,50,69,56.89280025,56.9195859375
False,piano,100,41,56.89280025,57.214228500000004
False,piano,100,53,56.89280025,57.214228500000004
False,piano,100,49,56.89280025,57.214228500000004
True,piano,50,71,56.9195859375,56.946371625000005
True,piano,50,75,56.9731573125,56.999943
True,piano,50,77,56.999943,57.026728687500004
True,piano,50,79,57.026728687500004,57.053514375
True,piano,50,81,57.053514375,57.0803000625
True,piano,50,83,57.0803000625,57.10708575
True,piano,50,85,57.10708575,57.1338714375
True,piano,50,87,57.1338714375,57.160657125
True,piano,50,89,57.160657125,57.1874428125
True,piano,50,91,57.1874428125,57.214228500000004
True,piano,50,93,57.214228500000004,57.2410141875
False,piano,70,41,57.214228500000004,57.428514
False,piano,70,49,57.214228500000004,57.428514
False,piano,70,53,57.214228500000004,57.428514
True,piano,50,95,57.2410141875,57.267799875
True,piano,50,97,57.267799875,57.294585562500004
True,piano,50,99,57.294585562500004,57.32137125
True,piano,50,101,57.32137125,57.3481569375
True,piano,50,103,57.3481569375,57.374942625
True,piano,50,105,57.374942625,57.401728312500005
True,piano,50,107,57.401728312500005,57.428514
True,piano,50,109,57.428514,57.4552996875
False,piano,100,53,57.428514,57.6427995
False,piano,100,41,57.428514,57.6427995
False,piano,100,49,57.428514,57.6427995
True,piano,50,111,57.4552996875,57.482085375000004
False,piano,100,53,57.857085000000005,58.285656
False,piano,100,49,57.857085000000005,58.285656
False,piano,100,45,57.857085000000005,58.285656
True,piano,86,73,58.285656,58.4999415
False,piano,90,42,58.285656,58.4999415
False,piano,90,54,58.285656,59.142798
False,piano,90,46,58.4999415,58.714227
True,piano,86,78,58.714227,59.035655250000005
False,piano,90,49,58.714227,58.928512500000004
False,piano,90,46,58.928512500000004,59.142798
True,piano,86,78,59.035655250000005,59.142798
True,piano,86,80,59.142798,59.3570835
False,piano,90,42,59.142798,59.3570835
False,piano,90,54,59.142798,59.99994
True,piano,86,78,59.3570835,59.571369000000004
False,piano,90,49,59.3570835,59.571369000000004
True,piano,86,80,59.571369000000004,59.7856545
False,piano,90,46,59.571369000000004,59.7856545
True,piano,86,73,59.7856545,59.99994
False,piano,90,42,59.7856545,59.99994
True,piano,86,82,59.99994,60.428511
False,piano,90,41,59.99994,60.214225500000005
False,piano,90,53,59.99994,60.857082
False,piano,90,47,60.214225500000005,60.428511
True,piano,86,82,60.428511,60.749939250000004
False,piano,90,44,60.428511,60.6427965
False,piano,90,47,60.6427965,60.857082
True,piano,86,83,60.749939250000004,60.857082
True,piano,86,82,60.857082,61.0713675
False,piano,90,46,60.857082,61.0713675
False,piano,90,58,60.857082,61.714224
True,piano,86,80,61.0713675,61.285653
False,piano,90,50,61.0713675,61.285653
True,piano,86,80,61.285653,61.4999385
False,piano,90,53,61.285653,61.4999385
True,piano,86,78,61.4999385,61.714224
False,piano,90,50,61.4999385,61.714224
True,piano,86,73,61.714224,62.142795
False,piano,90,39,61.714224,61.928509500000004
False,piano,90,51,61.714224,62.571366000000005
False,piano,90,46,61.928509500000004,62.142795
True,piano,86,78,62.142795,62.46422325
False,piano,90,42,62.142795,62.3570805
False,piano,90,41,62.3570805,62.571366000000005
True,piano,86,78,62.46422325,62.571366000000005
True,piano,86,80,62.571366000000005,62.7856515
False,piano,90,39,62.571366000000005,62.7856515
False,piano,90,51,62.571366000000005,62.999937
True,piano,86,78,62.7856515,62.999937
False,piano,90,46,62.7856515,62.999937
True,piano,86,80,62.999937,63.2142225
False,piano,90,51,62.999937,63.428508
True,piano,86,73,63.2142225,63.428508
False,piano,90,50,63.2142225,63.428508
True,piano,86,82,63.428508,63.857079
False,piano,90,49,63.428508,63.6427935
False,piano,90,54,63.428508,64.28565
False,piano,90,42,63.6427935,63.857079
True,piano,86,82,63.857079,64.17850725
False,piano,90,49,63.857079,64.0713645
False,piano,90,49,64.0713645,64.28565
True,piano,86,83,64.17850725,64.28565
True,piano,86,82,64.28565,64.4999355
False,piano,90,48,64.28565,64.714221
False,piano,90,54,64.28565,65.142792
True,piano,86,80,64.4999355,64.714221
True,piano,86,80,64.714221,64.9285065
False,piano,90,42,64.714221,64.9285065
True,piano,86,78,64.9285065,65.142792
False,piano,90,48,64.9285065,65.142792
True,piano,86,75,65.142792,65.571363
False,piano,90,47,65.142792,65.3570775
False,piano,90,54,65.142792,65.999934
False,piano,90,42,65.3570775,65.571363
True,piano,86,75,65.571363,65.89279125
False,piano,90,47,65.571363,65.78564850000001
False,piano,90,48,65.78564850000001,65.999934
True,piano,86,78,65.89279125,65.999934
True,piano,86,80,65.999934,66.2142195
False,piano,90,49,65.999934,66.2142195
False,piano,90,56,65.999934,66.857076
True,piano,86,78,66.2142195,66.428505
False,piano,90,44,66.2142195,66.428505
True,piano,86,80,66.428505,66.6427905
False,piano,90,49,66.428505,66.6427905
True,piano,86,73,66.6427905,66.857076
False,piano,90,47,66.6427905,66.857076
True,piano,86,82,66.857076,67.285647
False,piano,90,46,66.857076,67.0713615
False,piano,90,53,66.857076,67.714218
False,piano,90,41,67.0713615,67.285647
True,piano,86,80,67.285647,67.4999325
False,piano,90,49,67.285647,67.4999325
True,piano,86,78,67.4999325,67.714218
False,piano,90,46,67.4999325,67.714218
True,piano,86,78,67.714218,67.9285035
False,piano,90,45,67.714218,67.9285035
False,piano,90,49,67.714218,68.57136
False,piano,90,39,67.9285035,68.14278900000001
False,piano,90,45,68.14278900000001,68.3570745
True,piano,86,82,68.3570745,68.7856455
False,piano,90,46,68.3570745,68.57136
False,piano,90,44,68.57136,68.7856455
False,piano,90,51,68.57136,69.42850200000001
True,piano,86,80,68.7856455,68.999931
False,piano,90,45,68.7856455,68.999931
True,piano,86,80,68.999931,69.2142165
False,piano,90,47,68.999931,69.2142165
True,piano,86,78,69.2142165,69.42850200000001
False,piano,90,44,69.2142165,69.42850200000001
True,piano,86,78,69.42850200000001,69.6427875
False,piano,90,46,69.42850200000001,69.6427875
False,piano,90,54,69.42850200000001,70.285644
True,piano,86,75,69.6427875,69.857073
False,piano,90,47,69.6427875,69.857073
True,piano,86,75,69.857073,70.0713585
False,piano,90,51,69.857073,70.285644
True,piano,86,77,70.0713585,70.285644
True,piano,86,78,70.285644,70.39278675
False,piano,89,53,70.285644,70.49992950000001
False,piano,89,49,70.285644,70.49992950000001
True,piano,86,77,70.60707225,70.9285005
False,piano,89,53,70.60707225,70.9285005
False,piano,89,49,70.60707225,70.9285005
True,piano,86,78,70.9285005,71.142786
False,piano,89,44,70.9285005,71.142786
False,piano,89,53,70.9285005,71.142786
True,piano,86,80,71.142786,71.3570715
False,piano,89,49,71.142786,71.3570715
False,piano,89,53,71.142786,71.3570715
False,piano,89,55,71.571357,71.999928
True,piano,86,73,71.999928,72.2142135
False,piano,90,42,71.999928,72.2142135
False,piano,90,54,71.999928,72.85707000000001
False,piano,90,46,72.2142135,72.428499
True,piano,86,78,72.428499,72.85707000000001
False,piano,90,49,72.428499,72.6427845
False,piano,90,46,72.6427845,72.85707000000001
True,piano,86,80,72.85707000000001,73.0713555
False,piano,90,42,72.85707000000001,73.0713555
False,piano,90,54,72.85707000000001,73.714212
True,piano,86,78,73.0713555,73.285641
False,piano,90,49,73.0713555,73.285641
True,piano,86,80,73.285641,73.4999265
False,piano,90,46,73.285641,73.4999265
True,piano,86,73,73.4999265,73.714212
False,piano,90,42,73.4999265,73.714212
True,piano,86,82,73.714212,74.14278300000001
False,piano,90,41,73.714212,73.9284975
False,piano,90,53,73.714212,74.571354
False,piano,90,47,73.9284975,74.14278300000001
True,piano,86,82,74.14278300000001,74.46421125
False,piano,90,44,74.14278300000001,74.3570685
False,piano,90,47,74.3570685,74.571354
True,piano,86,83,74.46421125,74.571354
True,piano,86,82,74.571354,74.7856395
False,piano,90,46,74.571354,74.7856395
False,piano,90,58,74.571354,75.428496
True,piano,86,80,74.7856395,74.999925
False,piano,90,50,74.7856395,74.999925
True,piano,86,80,74.999925,75.21421050000001
False,piano,90,53,74.999925,75.21421050000001
True,piano,86,78,75.21421050000001,75.428496
False,piano,90,50,75.21421050000001,75.428496
True,piano,86,73,75.428496,75.857067
False,piano,90,39,75.428496,75.6427815
False,piano,90,51,75.428496,76.285638
False,piano,90,46,75.6427815,75.857067
True,piano,86,78,75.857067,76.17849525
False,piano,90,42,75.857067,76.0713525
False,piano,90,41,76.0713525,76.285638
True,piano,86,78,76.17849525,76.285638
True,piano,86,80,76.285638,76.49992350000001
False,piano,90,39,76.285638,76.49992350000001
False,piano,90,51,76.285638,76.714209
True,piano,86,78,76.49992350000001,76.714209
False,piano,90,46,76.49992350000001,76.714209
True,piano,86,80,76.714209,76.9284945
False,piano,90,51,76.714209,77.14278
True,piano,86,73,76.9284945,77.14278
False,piano,90,50,76.9284945,77.14278
True,piano,86,82,77.14278,77.571351
False,piano,90,49,77.14278,77.3570655
False,piano,90,54,77.14278,77.999922
False,piano,90,42,77.3570655,77.571351
True,piano,86,82,77.571351,77.89277925
False,piano,90,49,77.571351,77.7856365
False,piano,90,49,77.7856365,77.999922
True,piano,86,83,77.89277925,77.999922
True,piano,86,85,77.999922,78.2142075
False,piano,90,48,77.999922,78.428493
False,piano,90,54,77.999922,78.85706400000001
True,piano,86,82,78.2142075,78.428493
True,piano,86,80,78.428493,78.6427785
False,piano,90,42,78.428493,78.6427785
True,piano,86,82,78.6427785,78.85706400000001
False,piano,90,48,78.6427785,78.85706400000001
True,piano,86,78,78.85706400000001,79.285635
False,piano,90,47,78.85706400000001,79.0713495
False,piano,90,54,78.85706400000001,79.714206
False,piano,90,42,79.0713495,79.285635
False,piano,90,47,79.285635,79.4999205
True,piano,86,78,79.4999205,79.714206
False,piano,90,48,79.4999205,79.714206
True,piano,86,77,79.714206,79.9284915
False,piano,90,49,79.714206,79.9284915
False,piano,90,56,79.714206,80.571348
True,piano,86,78,79.9284915,80.142777
False,piano,90,44,79.9284915,80.142777
True,piano,86,80,80.142777,80.3570625
False,piano,90,49,80.142777,80.3570625
True,piano,86,73,80.3570625,80.571348
False,piano,90,47,80.3570625,80.571348
True,piano,86,82,80.571348,80.999919
False,piano,90,46,80.571348,80.7856335
False,piano,90,53,80.571348,81.42849
False,piano,90,41,80.7856335,80.999919
True,piano,86,81,80.999919,81.21420450000001
False,piano,90,49,80.999919,81.21420450000001
True,piano,86,82,81.21420450000001,81.42849
False,piano,90,46,81.21420450000001,81.42849
True,piano,86,87,81.42849,81.99991800000001
False,piano,90,45,81.42849,81.6427755
False,piano,90,49,81.42849,82.285632
False,piano,90,39,81.6427755,81.857061
False,piano,90,45,81.857061,82.0713465
True,piano,86,82,82.0713465,82.4999175
False,piano,90,46,82.0713465,82.285632
False,piano,90,35,82.285632,82.4999175
False,piano,90,47,82.285632,83.142774
True,piano,86,80,82.4999175,82.714203
False,piano,90,37,82.4999175,82.714203
True,piano,86,80,82.714203,82.9284885
False,piano,90,39,82.714203,82.9284885
True,piano,86,78,82.9284885,83.142774
False,piano,90,35,82.9284885,83.142774
True,piano,86,78,83.142774,83.57134500000001
False,piano,90,37,83.142774,83.3570595
False,piano,90,49,83.142774,83.999916
False,piano,90,39,83.3570595,83.57134500000001
True,piano,86,77,83.57134500000001,83.999916
False,piano,90,41,83.57134500000001,83.7856305
False,piano,90,37,83.7856305,83.999916
True,piano,86,78,83.999916,84.428487
False,piano,90,42,83.999916,84.2142015
False,piano,90,49,83.999916,84.428487
False,piano,90,37,84.2142015,84.428487
False,piano,90,49,84.428487,84.85705800000001
False,piano,90,42,84.6427725,84.85705800000001
True,piano,86,79,84.85705800000001,85.285629
False,piano,90,43,84.85705800000001,85.0713435
False,piano,90,49,84.85705800000001,85.285629
False,piano,90,37,85.0713435,85.285629
False,piano,90,49,85.285629,85.7142
True,piano,86,78,85.4999145,85.60705725
False,piano,90,43,85.4999145,85.7142
True,piano,86,80,85.60705725,85.7142
True,piano,86,82,85.7142,85.92848550000001
False,piano,90,44,85.7142,85.92848550000001
False,piano,90,51,85.7142,86.571342
True,piano,86,80,85.92848550000001,86.142771
False,piano,90,43,85.92848550000001,86.142771
True,piano,86,80,86.142771,86.3570565
False,piano,90,42,86.142771,86.3570565
True,piano,86,78,86.3570565,86.571342
False,piano,90,39,86.3570565,86.571342
True,piano,86,78,86.571342,86.999913
False,piano,90,37,86.571342,86.7856275
False,piano,90,49,86.571342,86.7856275
True,piano,86,77,86.999913,87.428484
True,piano,86,78,87.428484,87.6427695
False,piano,89,32,87.428484,87.857055
True,piano,86,86,87.74991225000001,87.96419775
False,piano,89,44,87.74991225000001,87.96419775
False,piano,89,32,87.857055,88.28562600000001
True,piano,86,78,88.0713405,88.28562600000001
False,piano,89,44,88.0713405,88.28562600000001
True,piano,86,90,88.28562600000001,88.4999115
False,piano,89,40,88.28562600000001,88.4999115
False,piano,89,52,88.28562600000001,88.714197
True,piano,86,86,88.60705425,88.82133975
False,piano,89,40,88.60705425,88.82133975
False,piano,89,52,88.714197,89.142768
True,piano,86,78,88.9284825,89.142768
False,piano,89,40,88.9284825,89.142768
True,piano,86,85,89.142768,89.3570535
True,piano,86,89,89.142768,89.3570535
False,piano,89,37,89.142768,89.24991075
False,piano,89,49,89.142768,89.24991075
True,piano,86,85,89.46419625,89.67848175
True,piano,86,89,89.46419625,89.67848175
False,piano,89,49,89.46419625,89.57133900000001
False,piano,89,37,89.46419625,89.57133900000001
True,piano,86,85,89.7856245,89.99991
True,piano,86,89,89.7856245,89.99991
False,piano,89,49,89.7856245,89.89276725
False,piano,89,37,89.7856245,89.89276725
True,piano,86,85,89.99991,90.2141955
True,piano,86,89,89.99991,90.2141955
False,piano,89,49,89.99991,90.10705275000001
False,piano,89,37,89.99991,90.10705275000001
False,piano,89,49,90.2141955,90.32133825
False,piano,89,49,90.32133825,90.428481
False,piano,89,49,90.428481,90.53562375
False,piano,89,49,90.64276650000001,90.74990925
False,piano,70,54,90.857052,92.142765
False,piano,70,46,90.857052,92.142765
False,piano,70,42,90.857052,92.142765
True,piano,90,61,91.0713375,91.285623
True,piano,90,61,91.285623,91.4999085
True,piano,90,61,91.4999085,91.714194
True,piano,90,61,91.714194,91.92847950000001
True,piano,90,59,91.92847950000001,92.142765
True,piano,90,58,92.142765,92.3570505
True,piano,90,59,92.3570505,92.571336
True,piano,90,61,92.571336,92.7856215
False,piano,70,49,92.571336,92.67847875
True,piano,90,61,92.7856215,92.99990700000001
False,piano,70,53,92.7856215,92.89276425
False,piano,70,49,92.89276425,92.99990700000001
True,piano,90,61,92.99990700000001,93.2141925
False,piano,70,49,92.99990700000001,93.2141925
True,piano,90,63,93.2141925,93.32133525
False,piano,70,53,93.2141925,93.32133525
True,piano,90,61,93.32133525,93.74990625000001
False,piano,70,49,93.428478,93.53562075
False,piano,70,53,93.6427635,93.74990625000001
False,piano,70,49,93.74990625000001,93.857049
False,piano,70,49,93.857049,94.0713345
False,piano,70,53,94.0713345,94.17847725
False,piano,70,51,94.28562000000001,94.39276275
True,piano,90,61,94.4999055,94.714191
False,piano,70,54,94.4999055,94.60704825
False,piano,70,51,94.60704825,94.714191
True,piano,90,61,94.714191,94.9284765
False,piano,70,51,94.714191,94.9284765
True,piano,90,61,94.9284765,95.142762
False,piano,70,54,94.9284765,95.03561925
True,piano,90,61,95.142762,95.35704750000001
False,piano,70,51,95.142762,95.24990475
True,piano,90,59,95.35704750000001,95.571333
False,piano,70,54,95.35704750000001,95.46419025
False,piano,70,51,95.46419025,95.571333
True,piano,90,58,95.571333,95.7856185
False,piano,70,51,95.571333,95.7856185
True,piano,90,59,95.7856185,95.999904
False,piano,70,54,95.7856185,95.89276125
True,piano,90,61,95.999904,96.32133225
False,piano,70,46,95.999904,96.10704675000001
False,piano,70,53,96.2141895,96.32133225
True,piano,90,66,96.32133225,96.64276050000001
False,piano,70,46,96.32133225,96.428475
False,piano,70,46,96.428475,96.64276050000001
True,piano,90,65,96.64276050000001,96.857046
False,piano,70,53,96.64276050000001,96.74990325
True,piano,90,61,96.857046,97.285617
False,piano,70,46,96.857046,96.96418875
False,piano,70,53,97.0713315,97.17847425000001
False,piano,70,46,97.17847425000001,97.285617
False,piano,70,46,97.285617,97.4999025
True,piano,90,61,97.4999025,97.60704525
False,piano,70,53,97.4999025,97.60704525
True,piano,90,61,97.60704525,97.71418800000001
True,piano,90,61,97.71418800000001,98.03561625
False,piano,70,47,97.71418800000001,97.82133075
False,piano,70,54,97.9284735,98.03561625
True,piano,90,59,98.03561625,98.3570445
False,piano,70,47,98.03561625,98.142759
False,piano,70,47,98.142759,98.3570445
True,piano,90,58,98.3570445,98.57133
False,piano,70,54,98.3570445,98.46418725000001
True,piano,90,59,98.57133,98.99990100000001
False,piano,70,47,98.57133,98.67847275
False,piano,70,54,98.7856155,98.89275825
False,piano,70,47,98.89275825,98.99990100000001
False,piano,70,47,98.99990100000001,99.2141865
True,piano,90,59,99.2141865,99.32132925
False,piano,70,54,99.2141865,99.32132925
True,piano,90,59,99.32132925,99.428472
True,piano,90,59,99.428472,99.74990025
False,piano,70,42,99.428472,99.53561475000001
False,piano,70,49,99.6427575,99.74990025
True,piano,90,58,99.74990025,100.0713285
False,piano,70,42,99.74990025,99.857043
False,piano,70,42,99.857043,100.0713285
True,piano,90,56,100.0713285,100.28561400000001
False,piano,70,49,100.0713285,100.17847125
True,piano,90,58,100.28561400000001,100.714185
False,piano,70,42,100.28561400000001,100.39275675
False,piano,70,49,100.4998995,100.60704225
False,piano,70,42,100.60704225,100.714185
False,piano,70,42,100.714185,100.9284705
True,piano,90,58,100.9284705,101.142756
False,piano,70,49,100.9284705,101.03561325
True,piano,90,58,101.142756,101.46418425
False,piano,70,47,101.142756,101.24989875
False,piano,70,54,101.35704150000001,101.46418425
True,piano,90,56,101.46418425,101.7856125
False,piano,70,47,101.46418425,101.571327
False,piano,70,47,101.571327,101.7856125
True,piano,90,54,101.7856125,101.999898
False,piano,70,54,101.7856125,101.89275525000001
True,piano,100,54,101.999898,102.428469
False,piano,70,47,101.999898,102.10704075
False,piano,70,54,102.2141835,102.32132625
False,piano,70,47,102.32132625,102.428469
True,piano,100,51,102.428469,102.85704
False,piano,70,47,102.428469,102.64275450000001
False,piano,70,54,102.64275450000001,102.74989725
True,piano,100,54,102.85704,103.4998965
False,piano,70,49,102.85704,102.96418275
False,piano,70,51,102.85704,103.0713255
False,piano,70,49,103.17846825000001,103.285611
False,piano,70,49,103.285611,103.4998965
False,piano,70,61,103.285611,103.4998965
True,piano,100,56,103.4998965,103.71418200000001
False,piano,70,54,103.4998965,103.71418200000001
True,piano,100,56,103.71418200000001,103.9284675
False,piano,70,49,103.71418200000001,103.82132475
False,piano,70,53,103.71418200000001,103.9284675
True,piano,90,78,103.9284675,104.142753
False,piano,70,54,103.9284675,104.142753
False,piano,70,49,104.03561025,104.142753
True,piano,90,77,104.142753,104.3570385
False,piano,70,46,104.142753,104.3570385
False,piano,70,61,104.142753,104.3570385
True,piano,90,73,104.3570385,104.571324
False,piano,70,44,104.3570385,104.571324
False,piano,70,54,104.3570385,104.571324
False,piano,70,42,104.571324,104.67846675
True,piano,90,73,104.7856095,104.99989500000001
False,piano,70,66,104.7856095,104.89275225
False,piano,70,58,104.7856095,104.89275225
False,piano,70,42,104.89275225,104.99989500000001
True,piano,90,73,104.99989500000001,105.2141805
False,piano,70,42,104.99989500000001,105.2141805
True,piano,90,73,105.2141805,105.428466
False,piano,70,58,105.2141805,105.32132325
False,piano,70,66,105.2141805,105.32132325
True,piano,90,73,105.428466,105.6427515
False,piano,70,42,105.428466,105.53560875000001
True,piano,90,71,105.6427515,105.857037
False,piano,70,66,105.6427515,105.74989425
False,piano,70,58,105.6427515,105.74989425
False,piano,70,42,105.74989425,105.857037
True,piano,90,70,105.857037,106.07132250000001
False,piano,70,42,105.857037,106.07132250000001
True,piano,90,71,106.07132250000001,106.285608
False,piano,70,58,106.07132250000001,106.17846525
False,piano,70,66,106.07132250000001,106.17846525
True,piano,90,73,106.285608,106.4998935
False,piano,70,49,106.285608,106.39275075
True,piano,90,73,106.4998935,106.714179
False,piano,70,65,106.4998935,106.60703625000001
False,piano,70,61,106.4998935,106.60703625000001
False,piano,70,49,106.60703625000001,106.714179
True,piano,90,73,106.714179,106.9284645
False,piano,70,49,106.714179,106.9284645
True,piano,90,75,106.9284645,107.03560725
False,piano,70,61,106.9284645,107.03560725
False,piano,70,65,106.9284645,107.03560725
True,piano,90,73,107.03560725,107.46417825
False,piano,70,49,107.14275,107.24989275
False,piano,70,65,107.35703550000001,107.46417825
False,piano,70,61,107.35703550000001,107.46417825
False,piano,70,49,107.46417825,107.571321
False,piano,70,49,107.571321,107.7856065
False,piano,70,61,107.7856065,107.89274925000001
False,piano,70,65,107.7856065,107.89274925000001
False,piano,70,51,107.999892,108.10703475
True,piano,90,73,108.2141775,108.42846300000001
False,piano,70,66,108.2141775,108.32132025
False,piano,70,63,108.2141775,108.32132025
False,piano,70,51,108.32132025,108.42846300000001
True,piano,90,73,108.42846300000001,108.6427485
False,piano,70,51,108.42846300000001,108.6427485
True,piano,90,73,108.6427485,108.857034
False,piano,70,63,108.6427485,108.74989125
False,piano,70,66,108.6427485,108.74989125
True,piano,90,73,108.857034,109.0713195
False,piano,70,51,108.857034,108.96417675000001
True,piano,90,71,109.0713195,109.285605
False,piano,70,66,109.0713195,109.17846225000001
False,piano,70,63,109.0713195,109.17846225000001
False,piano,70,51,109.17846225000001,109.285605
True,piano,90,70,109.285605,109.4998905
False,piano,70,51,109.285605,109.4998905
True,piano,90,71,109.4998905,109.71417600000001
False,piano,70,63,109.4998905,109.60703325
False,piano,70,66,109.4998905,109.60703325
True,piano,90,73,109.71417600000001,110.03560425
False,piano,70,46,109.71417600000001,109.82131875
False,piano,70,65,109.9284615,110.03560425
False,piano,70,61,109.9284615,110.03560425
True,piano,90,78,110.03560425,110.3570325
False,piano,70,46,110.03560425,110.142747
False,piano,70,46,110.142747,110.3570325
True,piano,90,77,110.3570325,110.571318
False,piano,70,61,110.3570325,110.46417525
False,piano,70,65,110.3570325,110.46417525
True,piano,90,73,110.571318,110.999889
False,piano,70,46,110.571318,110.67846075
False,piano,70,65,110.78560350000001,110.89274625
False,piano,70,61,110.78560350000001,110.89274625
False,piano,70,46,110.89274625,110.999889
False,piano,70,46,110.999889,111.2141745
True,piano,90,73,111.2141745,111.42846
False,piano,70,65,111.2141745,111.32131725
False,piano,70,61,111.2141745,111.32131725
True,piano,90,73,111.42846,111.74988825
False,piano,70,47,111.42846,111.53560275000001
False,piano,70,66,111.6427455,111.74988825
False,piano,70,63,111.6427455,111.74988825
True,piano,90,71,111.74988825,112.07131650000001
False,piano,70,47,111.74988825,111.857031
False,piano,70,47,111.857031,112.07131650000001
True,piano,90,70,112.07131650000001,112.285602
False,piano,70,63,112.07131650000001,112.17845925
False,piano,70,66,112.07131650000001,112.17845925
True,piano,90,71,112.285602,112.714173
False,piano,70,47,112.285602,112.39274475
False,piano,70,66,112.4998875,112.60703025000001
False,piano,70,63,112.4998875,112.60703025000001
False,piano,70,47,112.60703025000001,112.714173
False,piano,70,47,112.714173,112.9284585
True,piano,90,71,112.9284585,113.14274400000001
False,piano,70,66,112.9284585,113.03560125
False,piano,70,63,112.9284585,113.03560125
False,piano,70,49,112.9284585,113.14274400000001
True,piano,90,71,113.14274400000001,113.46417225
False,piano,70,51,113.14274400000001,113.571315
False,piano,70,66,113.14274400000001,113.571315
False,piano,70,61,113.14274400000001,113.571315
True,piano,90,70,113.46417225,113.7856005
False,piano,70,49,113.571315,113.999886
False,piano,70,61,113.571315,113.999886
False,piano,70,65,113.571315,113.999886
True,piano,90,68,113.7856005,113.999886
True,piano,90,70,113.999886,114.42845700000001
False,piano,70,51,113.999886,114.42845700000001
False,piano,70,61,113.999886,114.42845700000001
False,piano,70,66,113.999886,114.42845700000001
False,piano,70,54,114.42845700000001,114.53559975
False,piano,70,66,114.42845700000001,114.6427425
False,piano,70,61,114.42845700000001,114.857028
False,piano,70,49,114.53559975,114.6427425
True,piano,90,66,114.6427425,114.857028
False,piano,70,42,114.6427425,114.857028
True,piano,90,70,114.857028,115.17845625
False,piano,70,47,114.857028,114.96417075000001
False,piano,70,66,115.0713135,115.17845625
False,piano,70,63,115.0713135,115.17845625
True,piano,90,71,115.17845625,115.49988450000001
False,piano,70,47,115.17845625,115.285599
False,piano,70,47,115.285599,115.49988450000001
True,piano,90,73,115.49988450000001,115.71417000000001
False,piano,70,63,115.49988450000001,115.60702725
False,piano,70,66,115.49988450000001,115.60702725
True,piano,90,70,115.71417000000001,116.03559825
False,piano,70,47,115.71417000000001,115.82131275
False,piano,70,66,115.9284555,116.03559825
False,piano,70,63,115.9284555,116.03559825
True,piano,90,68,116.03559825,116.3570265
False,piano,70,47,116.03559825,116.142741
False,piano,70,47,116.142741,116.3570265
True,piano,90,66,116.3570265,117.428454
False,piano,70,63,116.3570265,116.46416925
False,piano,70,66,116.3570265,116.46416925
False,piano,70,42,116.571312,116.67845475
False,piano,70,61,116.78559750000001,116.89274025
False,piano,70,54,116.78559750000001,116.89274025
False,piano,70,42,116.89274025,116.999883
False,piano,70,42,116.999883,117.2141685
False,piano,70,54,117.2141685,117.32131125000001
False,piano,70,61,117.2141685,117.32131125000001
False,piano,70,52,117.428454,117.53559675
False,piano,70,58,117.428454,117.53559675
False,piano,70,55,117.428454,117.53559675
False,piano,70,58,117.6427395,117.85702500000001
False,piano,70,55,117.6427395,117.85702500000001
False,piano,70,52,117.6427395,117.85702500000001
False,piano,70,58,117.96416775,118.17845325
False,piano,70,55,117.96416775,118.17845325
False,piano,70,52,117.96416775,118.17845325
True,piano,90,63,118.285596,118.4998815
False,piano,70,39,118.285596,119.14273800000001
False,piano,70,51,118.4998815,118.714167
True,piano,90,63,118.60702425000001,118.82130975
True,piano,90,64,118.9284525,119.3570235
False,piano,70,51,118.9284525,119.14273800000001
False,piano,70,40,119.14273800000001,119.99988
True,piano,90,64,119.3570235,119.571309
False,piano,70,52,119.3570235,119.571309
True,piano,90,60,119.571309,119.7855945
True,piano,90,64,119.7855945,119.99988
False,piano,70,52,119.7855945,119.99988
True,piano,90,65,119.99988,120.21416550000001
False,piano,70,41,119.99988,120.857022
False,piano,70,53,120.21416550000001,120.42845100000001
True,piano,90,65,120.32130825,120.53559375
True,piano,90,66,120.6427365,121.0713075
False,piano,70,53,120.6427365,120.857022
False,piano,70,42,120.857022,121.285593
True,piano,90,66,121.0713075,121.285593
False,piano,70,54,121.0713075,121.285593
True,piano,90,67,121.285593,121.49987850000001
False,piano,70,43,121.285593,121.714164
True,piano,90,67,121.49987850000001,121.714164
False,piano,70,55,121.49987850000001,121.714164
True,piano,90,68,121.714164,121.9284495
False,piano,70,44,121.714164,122.571306
False,piano,70,56,121.9284495,122.142735
True,piano,90,61,122.142735,122.3570205
True,piano,90,61,122.3570205,122.571306
False,piano,70,56,122.3570205,122.571306
True,piano,90,61,122.571306,122.78559150000001
False,piano,70,37,122.571306,123.428448
False,piano,70,49,122.78559150000001,122.999877
True,piano,90,58,122.89273425,123.10701975
True,piano,90,61,123.2141625,123.428448
False,piano,70,49,123.2141625,123.428448
True,piano,90,58,123.428448,123.6427335
False,piano,70,42,123.428448,124.28559
False,piano,70,54,123.6427335,123.85701900000001
False,piano,70,54,124.0713045,124.28559
False,piano,70,40,124.28559,125.14273200000001
False,piano,70,52,124.4998755,124.714161
False,piano,70,52,124.9284465,125.14273200000001
True,piano,90,63,125.14273200000001,125.3570175
True,piano,90,75,125.14273200000001,125.3570175
False,piano,90,51,125.14273200000001,125.3570175
False,piano,90,39,125.14273200000001,125.3570175
True,piano,90,75,125.46416025,125.67844575000001
True,piano,90,63,125.46416025,125.67844575000001
False,piano,90,51,125.46416025,125.67844575000001
False,piano,90,39,125.46416025,125.67844575000001
True,piano,90,77,125.7855885,125.999874
True,piano,90,65,125.7855885,125.999874
False,piano,90,53,125.7855885,125.999874
False,piano,90,41,125.7855885,125.999874
True,piano,90,63,126.21415950000001,126.428445
True,piano,90,65,126.428445,126.6427305
True,piano,90,66,126.6427305,126.857016
True,piano,90,68,126.857016,127.0713015
False,piano,90,53,126.857016,127.0713015
False,piano,90,41,126.857016,127.0713015
True,piano,90,71,127.0713015,127.285587
False,piano,90,53,127.17844425,127.39272975
False,piano,90,41,127.17844425,127.39272975
True,piano,90,70,127.285587,127.49987250000001
True,piano,90,66,127.49987250000001,127.714158
False,piano,90,42,127.49987250000001,128.5713
False,piano,90,54,127.49987250000001,128.5713
True,piano,90,63,127.9284435,128.142729
True,piano,90,66,128.142729,128.3570145
True,piano,90,68,128.3570145,128.5713
True,piano,90,70,128.5713,129.2141565
False,piano,100,40,128.5713,128.7855855
False,piano,100,52,128.5713,128.7855855
False,piano,100,40,128.7855855,128.999871
False,piano,100,52,128.7855855,128.999871
False,piano,33,52,128.999871,129.2141565
True,piano,90,66,129.2141565,129.32129925
False,piano,43,40,129.2141565,129.428442
True,piano,90,63,129.32129925,129.428442
True,piano,90,66,129.428442,130.285584
False,piano,56,52,129.428442,129.6427275
False,piano,67,40,129.6427275,129.857013
False,piano,78,52,129.857013,130.0712985
False,piano,90,40,130.0712985,130.285584
False,piano,100,39,130.285584,130.49986950000002
False,piano,100,51,130.285584,130.49986950000002
False,piano,100,39,130.49986950000002,130.714155
False,piano,100,51,130.49986950000002,130.714155
False,piano,33,51,130.714155,130.9284405
True,piano,90,63,130.9284405,131.03558325
False,piano,43,39,130.9284405,131.142726
True,piano,90,63,131.03558325,131.142726
True,piano,90,70,131.142726,131.46415425
False,piano,56,51,131.142726,131.3570115
False,piano,67,39,131.3570115,131.57129700000002
True,piano,90,68,131.46415425,131.7855825
False,piano,78,51,131.57129700000002,131.7855825
True,piano,90,66,131.7855825,131.999868
False,piano,90,39,131.7855825,131.999868
True,piano,90,68,131.999868,133.0712955
False,piano,100,38,131.999868,132.2141535
False,piano,100,46,131.999868,132.2141535
False,piano,100,46,132.32129625000002,132.6427245
False,piano,100,38,132.32129625000002,132.6427245
False,piano,60,38,132.6427245,132.85701
False,piano,60,46,132.6427245,132.85701
False,piano,100,38,132.85701,133.0712955
False,piano,100,46,132.85701,133.0712955
True,piano,90,68,133.0712955,133.285581
False,piano,100,46,133.17843825,133.4998665
False,piano,100,38,133.17843825,133.4998665
True,piano,90,70,133.285581,133.4998665
True,piano,90,71,133.4998665,133.714152
False,piano,60,38,133.4998665,133.714152
False,piano,60,46,133.4998665,133.714152
True,piano,90,73,133.714152,133.9284375
False,piano,100,41,133.714152,133.9284375
False,piano,100,49,133.714152,133.9284375
False,piano,100,53,133.714152,133.9284375
True,piano,50,61,133.9284375,133.9552231875
True,piano,50,63,133.9552231875,133.982008875
True,piano,50,65,133.982008875,134.00879456250001
True,piano,50,67,134.00879456250001,134.03558025
True,piano,50,69,134.03558025,134.0623659375
False,piano,100,53,134.03558025,134.3570085
False,piano,100,49,134.03558025,134.3570085
False,piano,100,41,134.03558025,134.3570085
True,piano,50,71,134.0623659375,134.089151625
True,piano,50,73,134.089151625,134.1159373125
True,piano,50,75,134.1159373125,134.142723
True,piano,50,77,134.142723,134.1695086875
True,piano,50,79,134.1695086875,134.196294375
True,piano,50,81,134.196294375,134.2230800625
True,piano,50,83,134.2230800625,134.24986575
True,piano,50,85,134.24986575,134.2766514375
True,piano,50,87,134.2766514375,134.30343712500002
True,piano,50,89,134.30343712500002,134.3302228125
True,piano,50,91,134.3302228125,134.3570085
True,piano,50,93,134.3570085,134.3837941875
False,piano,70,41,134.3570085,134.571294
False,piano,70,49,134.3570085,134.571294
False,piano,70,53,134.3570085,134.571294
True,piano,50,95,134.3837941875,134.410579875
True,piano,50,97,134.410579875,134.4373655625
True,piano,50,99,134.4373655625,134.46415125000001
True,piano,50,101,134.46415125000001,134.4909369375
True,piano,50,103,134.4909369375,134.517722625
True,piano,50,105,134.517722625,134.5445083125
True,piano,50,107,134.5445083125,134.571294
True,piano,50,109,134.571294,134.5980796875
False,piano,100,53,134.571294,134.7855795
False,piano,100,41,134.571294,134.7855795
False,piano,100,49,134.571294,134.7855795
True,piano,50,111,134.5980796875,134.624865375
False,piano,100,53,134.999865,135.428436
False,piano,100,49,134.999865,135.428436
False,piano,100,45,134.999865,135.428436
True,piano,86,73,135.428436,135.6427215
False,piano,90,42,135.428436,135.6427215
False,piano,90,54,135.428436,136.28557800000002
False,piano,90,46,135.6427215,135.857007
True,piano,86,78,135.857007,136.17843525
False,piano,90,49,135.857007,136.0712925
False,piano,90,46,136.0712925,136.28557800000002
True,piano,86,78,136.17843525,136.28557800000002
True,piano,86,80,136.28557800000002,136.4998635
False,piano,90,42,136.28557800000002,136.4998635
False,piano,90,54,136.28557800000002,137.14272
True,piano,86,78,136.4998635,136.714149
False,piano,90,49,136.4998635,136.714149
True,piano,86,80,136.714149,136.9284345
False,piano,90,46,136.714149,136.9284345
True,piano,86,73,136.9284345,137.14272
False,piano,90,42,136.9284345,137.14272
True,piano,86,82,137.14272,137.571291
False,piano,90,41,137.14272,137.3570055
False,piano,90,53,137.14272,137.999862
False,piano,90,47,137.3570055,137.571291
True,piano,86,82,137.571291,137.89271925
False,piano,90,44,137.571291,137.7855765
False,piano,90,47,137.7855765,137.999862
True,piano,86,83,137.89271925,137.999862
True,piano,86,82,137.999862,138.2141475
False,piano,90,46,137.999862,138.2141475
False,piano,90,58,137.999862,138.85700400000002
True,piano,86,80,138.2141475,138.428433
False,piano,90,50,138.2141475,138.428433
True,piano,86,80,138.428433,138.6427185
False,piano,90,53,138.428433,138.6427185
True,piano,86,78,138.6427185,138.85700400000002
False,piano,90,50,138.6427185,138.85700400000002
True,piano,86,73,138.85700400000002,139.285575
False,piano,90,39,138.85700400000002,139.0712895
False,piano,90,51,138.85700400000002,139.714146
False,piano,90,46,139.0712895,139.285575
True,piano,86,78,139.285575,139.60700325
False,piano,90,42,139.285575,139.4998605
False,piano,90,41,139.4998605,139.714146
True,piano,86,78,139.60700325,139.714146
True,piano,86,80,139.714146,139.92843150000002
False,piano,90,39,139.714146,139.92843150000002
False,piano,90,51,139.714146,140.142717
True,piano,86,78,139.92843150000002,140.142717
False,piano,90,46,139.92843150000002,140.142717
True,piano,86,80,140.142717,140.3570025
False,piano,90,51,140.142717,140.571288
True,piano,86,73,140.3570025,140.571288
False,piano,90,50,140.3570025,140.571288
True,piano,86,82,140.571288,140.99985900000001
False,piano,90,49,140.571288,140.7855735
False,piano,90,54,140.571288,141.42843
False,piano,90,42,140.7855735,140.99985900000001
True,piano,86,82,140.99985900000001,141.32128725
False,piano,90,49,140.99985900000001,141.2141445
False,piano,90,49,141.2141445,141.42843
True,piano,86,83,141.32128725,141.42843
True,piano,86,82,141.42843,141.6427155
False,piano,90,48,141.42843,141.857001
False,piano,90,54,141.42843,142.285572
True,piano,86,80,141.6427155,141.857001
True,piano,86,80,141.857001,142.0712865
False,piano,90,42,141.857001,142.0712865
True,piano,86,78,142.0712865,142.285572
False,piano,90,48,142.0712865,142.285572
True,piano,86,75,142.285572,142.714143
False,piano,90,47,142.285572,142.4998575
False,piano,90,54,142.285572,143.142714
False,piano,90,42,142.4998575,142.714143
True,piano,86,75,142.714143,143.03557125
False,piano,90,47,142.714143,142.9284285
False,piano,90,48,142.9284285,143.142714
True,piano,86,78,143.03557125,143.142714
True,piano,86,80,143.142714,143.3569995
False,piano,90,49,143.142714,143.3569995
False,piano,90,56,143.142714,143.999856
True,piano,86,78,143.3569995,143.57128500000002
False,piano,90,44,143.3569995,143.57128500000002
True,piano,86,80,143.57128500000002,143.7855705
False,piano,90,49,143.57128500000002,143.7855705
True,piano,86,73,143.7855705,143.999856
False,piano,90,47,143.7855705,143.999856
True,piano,86,82,143.999856,144.428427
False,piano,90,46,143.999856,144.2141415
False,piano,90,53,143.999856,144.856998
False,piano,90,41,144.2141415,144.428427
True,piano,86,80,144.428427,144.64271250000002
False,piano,90,49,144.428427,144.64271250000002
True,piano,86,78,144.64271250000002,144.856998
False,piano,90,46,144.64271250000002,144.856998
True,piano,86,78,144.856998,145.0712835
False,piano,90,45,144.856998,145.0712835
False,piano,90,49,144.856998,145.71414000000001
False,piano,90,39,145.0712835,145.285569
False,piano,90,45,145.285569,145.4998545
True,piano,86,82,145.4998545,145.9284255
False,piano,90,46,145.4998545,145.71414000000001
False,piano,90,44,145.71414000000001,145.9284255
False,piano,90,51,145.71414000000001,146.571282
True,piano,86,80,145.9284255,146.142711
False,piano,90,45,145.9284255,146.142711
True,piano,86,80,146.142711,146.3569965
False,piano,90,47,146.142711,146.3569965
True,piano,86,78,146.3569965,146.571282
False,piano,90,44,146.3569965,146.571282
True,piano,86,78,146.571282,146.7855675
False,piano,90,46,146.571282,146.7855675
False,piano,90,54,146.571282,147.428424
True,piano,86,75,146.7855675,146.999853
False,piano,90,47,146.7855675,146.999853
True,piano,86,75,146.999853,147.2141385
False,piano,90,51,146.999853,147.428424
True,piano,86,77,147.2141385,147.428424
True,piano,86,78,147.428424,147.53556675000002
False,piano,90,53,147.428424,147.6427095
False,piano,90,49,147.428424,147.6427095
True,piano,86,77,147.74985225,148.0712805
False,piano,90,53,147.74985225,148.0712805
False,piano,90,49,147.74985225,148.0712805
True,piano,86,78,148.0712805,148.28556600000002
False,piano,90,44,148.0712805,148.28556600000002
False,piano,90,53,148.0712805,148.28556600000002
True,piano,86,80,148.28556600000002,148.4998515
False,piano,90,49,148.28556600000002,148.4998515
False,piano,90,53,148.28556600000002,148.4998515
False,piano,90,55,148.714137,149.142708
True,piano,86,73,149.142708,149.35699350000002
False,piano,90,42,149.142708,149.35699350000002
False,piano,90,54,149.142708,149.99985
False,piano,90,46,149.35699350000002,149.571279
True,piano,86,78,149.571279,149.89270725
False,piano,90,49,149.571279,149.7855645
False,piano,90,46,149.7855645,149.99985
True,piano,86,78,149.89270725,149.99985
True,piano,86,80,149.99985,150.2141355
False,piano,90,42,149.99985,150.2141355
False,piano,90,54,149.99985,150.856992
True,piano,86,78,150.2141355,150.42842100000001
False,piano,90,49,150.2141355,150.42842100000001
True,piano,86,80,150.42842100000001,150.6427065
False,piano,90,46,150.42842100000001,150.6427065
True,piano,86,73,150.6427065,150.856992
False,piano,90,42,150.6427065,150.856992
True,piano,86,82,150.856992,151.285563
False,piano,90,41,150.856992,151.0712775
False,piano,90,53,150.856992,151.714134
False,piano,90,47,151.0712775,151.285563
True,piano,86,82,151.285563,151.60699125
False,piano,90,44,151.285563,151.4998485
False,piano,90,47,151.4998485,151.714134
True,piano,86,83,151.60699125,151.714134
True,piano,86,82,151.714134,151.92841950000002
False,piano,90,46,151.714134,151.92841950000002
False,piano,90,58,151.714134,152.571276
True,piano,86,80,151.92841950000002,152.142705
False,piano,90,50,151.92841950000002,152.142705
True,piano,86,80,152.142705,152.3569905
False,piano,90,53,152.142705,152.3569905
True,piano,86,78,152.3569905,152.571276
False,piano,90,50,152.3569905,152.571276
True,piano,86,73,152.571276,152.99984700000002
False,piano,90,39,152.571276,152.7855615
False,piano,90,51,152.571276,153.428418
False,piano,90,46,152.7855615,152.99984700000002
True,piano,86,78,152.99984700000002,153.32127525
False,piano,90,42,152.99984700000002,153.2141325
False,piano,90,41,153.2141325,153.428418
True,piano,86,78,153.32127525,153.428418
True,piano,86,80,153.428418,153.6427035
False,piano,90,39,153.428418,153.6427035
False,piano,90,51,153.428418,153.856989
True,piano,86,78,153.6427035,153.856989
False,piano,90,46,153.6427035,153.856989
True,piano,86,80,153.856989,154.07127450000002
False,piano,90,51,153.856989,154.28556
True,piano,86,73,154.07127450000002,154.28556
False,piano,90,50,154.07127450000002,154.28556
True,piano,86,82,154.28556,154.714131
False,piano,90,49,154.28556,154.4998455
False,piano,90,54,154.28556,155.142702
False,piano,90,42,154.4998455,154.714131
True,piano,86,82,154.714131,155.03555925
False,piano,90,49,154.714131,154.9284165
False,piano,90,49,154.9284165,155.142702
True,piano,86,83,155.03555925,155.142702
True,piano,86,85,155.142702,155.3569875
False,piano,90,48,155.142702,155.571273
False,piano,90,54,155.142702,155.999844
True,piano,86,82,155.3569875,155.571273
True,piano,86,80,155.571273,155.7855585
False,piano,90,42,155.571273,155.7855585
True,piano,86,82,155.7855585,155.999844
False,piano,90,48,155.7855585,155.999844
True,piano,86,78,155.999844,156.2141295
False,piano,90,47,155.999844,156.2141295
False,piano,90,54,155.999844,156.856986
False,piano,90,42,156.2141295,156.428415
False,piano,90,47,156.428415,156.64270050000002
True,piano,86,78,156.64270050000002,156.856986
False,piano,90,48,156.64270050000002,156.856986
True,piano,86,77,156.856986,157.0712715
False,piano,90,49,156.856986,157.0712715
False,piano,90,56,156.856986,157.71412800000002
True,piano,86,78,157.0712715,157.285557
False,piano,90,44,157.0712715,157.285557
True,piano,86,80,157.285557,157.4998425
False,piano,90,49,157.285557,157.4998425
True,piano,86,73,157.4998425,157.71412800000002
False,piano,90,47,157.4998425,157.71412800000002
True,piano,86,82,157.71412800000002,158.142699
False,piano,90,46,157.71412800000002,157.9284135
False,piano,90,53,157.71412800000002,158.57127
False,piano,90,41,157.9284135,158.142699
True,piano,86,81,158.142699,158.3569845
False,piano,90,49,158.142699,158.3569845
True,piano,86,82,158.3569845,158.57127
False,piano,90,46,158.3569845,158.57127
True,piano,86,87,158.57127,159.142698
False,piano,90,45,158.57127,158.78555550000002
False,piano,90,49,158.57127,159.428412
False,piano,90,39,158.78555550000002,158.999841
False,piano,90,45,158.999841,159.2141265
True,piano,86,82,159.2141265,159.6426975
False,piano,90,46,159.2141265,159.428412
False,piano,90,35,159.428412,159.6426975
False,piano,90,47,159.428412,160.285554
True,piano,86,80,159.6426975,159.856983
False,piano,90,37,159.6426975,159.856983
True,piano,86,80,159.856983,160.0712685
False,piano,90,39,159.856983,160.0712685
True,piano,86,78,160.0712685,160.285554
False,piano,90,35,160.0712685,160.285554
True,piano,86,78,160.285554,160.714125
False,piano,90,37,160.285554,160.4998395
False,piano,90,49,160.285554,160.4998395
True,piano,86,77,160.714125,161.142696
True,piano,55,66,161.142696,161.285553
False,piano,57,47,161.142696,161.7855525
True,piano,55,61,161.285553,161.42841
True,piano,55,66,161.42841,161.571267
True,piano,55,78,161.571267,161.714124
True,piano,55,73,161.714124,161.856981
False,piano,57,42,161.7855525,161.999838
True,piano,55,78,161.856981,161.999838
True,piano,55,80,161.999838,162.142695
False,piano,57,47,161.999838,162.32126625
True,piano,55,73,162.142695,162.285552
True,piano,55,80,162.285552,162.42840900000002
False,piano,57,46,162.32126625,162.6426945
True,piano,55,85,162.42840900000002,162.571266
True,piano,55,80,162.571266,162.714123
False,piano,57,47,162.6426945,162.85698
True,piano,55,85,162.714123,162.85698
True,piano,55,90,162.85698,162.999837
False,piano,57,46,162.85698,163.285551
True,piano,55,85,162.999837,163.142694
True,piano,55,78,163.142694,163.285551
True,piano,55,85,163.285551,163.428408
False,piano,57,41,163.285551,163.49983650000001
True,piano,55,80,163.428408,163.571265
False,piano,57,42,163.49983650000001,163.714122
True,piano,55,73,163.571265,163.714122
True,piano,55,80,163.714122,163.856979
False,piano,57,49,163.714122,164.03555025
True,piano,55,75,163.856979,163.99983600000002
True,piano,55,73,163.99983600000002,164.142693
False,piano,57,46,164.03555025,164.3569785
True,piano,55,78,164.142693,164.28555
True,piano,55,73,164.28555,164.428407
False,piano,57,42,164.3569785,164.571264
True,piano,55,66,164.428407,164.571264
True,piano,55,66,164.571264,164.714121
False,piano,56,44,164.571264,165.2141205
True,piano,55,61,164.714121,164.856978
True,piano,55,66,164.856978,164.999835
True,piano,55,78,164.999835,165.142692
True,piano,55,73,165.142692,165.285549
False,piano,56,39,165.2141205,165.428406
True,piano,55,78,165.285549,165.428406
True,piano,55,80,165.428406,165.57126300000002
False,piano,56,38,165.428406,165.74983425
True,piano,55,73,165.57126300000002,165.71412
True,piano,55,80,165.71412,165.856977
False,piano,56,44,165.74983425,166.07126250000002
True,piano,55,85,165.856977,165.999834
True,piano,55,80,165.999834,166.142691
False,piano,56,38,166.07126250000002,166.285548
True,piano,55,85,166.142691,166.285548
True,piano,55,90,166.285548,166.428405
False,piano,56,51,166.285548,166.60697625
True,piano,55,85,166.428405,166.571262
True,piano,55,78,166.571262,166.714119
False,piano,56,46,166.60697625,166.9284045
True,piano,55,85,166.714119,166.856976
True,piano,55,80,166.856976,166.999833
False,piano,56,54,166.9284045,167.14269000000002
True,piano,55,73,166.999833,167.14269000000002
True,piano,55,80,167.14269000000002,167.285547
False,piano,56,53,167.14269000000002,167.46411825
True,piano,55,75,167.285547,167.428404
True,piano,55,73,167.428404,167.571261
False,piano,56,51,167.46411825,167.7855465
True,piano,55,78,167.571261,167.714118
True,piano,55,73,167.714118,167.856975
False,piano,56,46,167.7855465,167.999832
True,piano,55,66,167.856975,167.999832
True,piano,55,66,167.999832,168.14268900000002
False,piano,56,47,167.999832,168.6426885
True,piano,55,61,168.14268900000002,168.285546
True,piano,55,66,168.285546,168.428403
True,piano,55,78,168.428403,168.57126
True,piano,55,73,168.57126,168.71411700000002
False,piano,56,54,168.6426885,168.856974
True,piano,55,78,168.71411700000002,168.856974
True,piano,55,80,168.856974,168.999831
False,piano,56,59,168.856974,169.17840225
True,piano,55,73,168.999831,169.142688
True,piano,55,80,169.142688,169.285545
False,piano,56,58,169.17840225,169.4998305
True,piano,55,85,169.285545,169.428402
True,piano,55,80,169.428402,169.571259
False,piano,56,59,169.4998305,169.71411600000002
True,piano,55,85,169.571259,169.71411600000002
True,piano,55,90,169.71411600000002,169.856973
False,piano,56,58,169.71411600000002,170.03554425000002
True,piano,55,85,169.856973,169.99983
True,piano,55,78,169.99983,170.142687
False,piano,56,53,170.03554425000002,170.3569725
True,piano,55,85,170.142687,170.28554400000002
True,piano,55,80,170.28554400000002,170.428401
False,piano,56,54,170.3569725,170.571258
True,piano,55,73,170.428401,170.571258
True,piano,55,80,170.571258,170.714115
False,piano,56,49,170.571258,170.89268625
True,piano,55,75,170.714115,170.856972
True,piano,55,73,170.856972,170.999829
False,piano,56,46,170.89268625,171.2141145
True,piano,55,78,170.999829,171.142686
True,piano,55,73,171.142686,171.28554300000002
False,piano,56,42,171.2141145,171.4284
True,piano,55,66,171.28554300000002,171.4284
True,piano,55,66,171.4284,171.571257
False,piano,56,45,171.4284,172.0712565
True,piano,55,61,171.571257,171.714114
True,piano,55,66,171.714114,171.85697100000002
True,piano,55,78,171.85697100000002,171.999828
True,piano,55,73,171.999828,172.142685
False,piano,56,54,172.0712565,172.17839925
True,piano,55,78,172.142685,172.285542
False,piano,56,56,172.17839925,172.285542
True,piano,55,80,172.285542,172.428399
False,piano,56,54,172.285542,172.60697025000002
True,piano,55,73,172.428399,172.571256
True,piano,55,80,172.571256,172.714113
False,piano,56,49,172.60697025000002,172.92839850000001
True,piano,55,85,172.714113,172.85697000000002
True,piano,55,80,172.85697000000002,172.999827
False,piano,56,42,172.92839850000001,173.142684
True,piano,55,85,172.999827,173.142684
True,piano,55,90,173.142684,173.285541
False,piano,56,44,173.142684,173.46411225
True,piano,55,85,173.285541,173.42839800000002
True,piano,55,78,173.42839800000002,173.571255
False,piano,56,51,173.46411225,173.7855405
True,piano,55,85,173.571255,173.714112
True,piano,55,80,173.714112,173.856969
False,piano,56,50,173.7855405,173.999826
True,piano,55,73,173.856969,173.999826
True,piano,55,80,173.999826,174.142683
False,piano,56,49,173.999826,174.29893284375
True,piano,55,75,174.142683,174.28554
True,piano,55,73,174.28554,174.42839700000002
False,piano,56,44,174.32125425,174.62036109375
True,piano,90,82,174.6426825,174.74982525000001
False,piano,56,49,174.6426825,174.856968
True,piano,90,83,174.74982525000001,174.856968
True,piano,90,85,174.856968,175.17839625
False,piano,56,47,174.856968,175.49982450000002
True,piano,90,85,175.17839625,175.49982450000002
True,piano,90,85,175.49982450000002,175.71411
False,piano,56,42,175.49982450000002,175.71411
True,piano,90,85,175.71411,176.03553825
False,piano,56,47,175.71411,176.03553825
True,piano,90,83,176.03553825,176.3569665
False,piano,56,46,176.03553825,176.3569665
True,piano,90,82,176.3569665,176.57125200000002
False,piano,56,47,176.3569665,176.57125200000002
True,piano,90,85,176.57125200000002,176.89268025
False,piano,56,46,176.57125200000002,176.999823
True,piano,90,78,176.89268025,177.2141085
False,piano,56,41,176.999823,177.2141085
True,piano,90,80,177.2141085,177.428394
False,piano,56,42,177.2141085,177.428394
True,piano,90,78,177.428394,177.74982225
False,piano,56,49,177.428394,177.74982225
False,piano,56,46,177.74982225,178.0712505
True,piano,90,78,178.0712505,178.285536
False,piano,56,42,178.0712505,178.285536
True,piano,90,80,178.285536,178.60696425
False,piano,69,44,178.285536,178.9283925
True,piano,90,80,178.60696425,178.9283925
True,piano,90,82,178.9283925,179.14267800000002
False,piano,69,39,178.9283925,179.14267800000002
True,piano,90,83,179.14267800000002,179.46410625000001
False,piano,69,38,179.14267800000002,179.46410625000001
True,piano,90,82,179.46410625000001,179.7855345
False,piano,69,44,179.46410625000001,179.7855345
True,piano,90,77,179.7855345,179.99982
False,piano,69,38,179.7855345,179.99982
True,piano,90,78,179.99982,180.428391
False,piano,75,51,179.99982,180.32124825
False,piano,75,46,180.32124825,180.6426765
False,piano,75,54,180.6426765,180.856962
False,piano,81,53,180.856962,181.17839025
False,piano,81,51,181.17839025,181.4998185
False,piano,81,46,181.4998185,181.714104
True,piano,90,78,181.714104,181.9283895
False,piano,90,47,181.714104,181.9283895
False,piano,90,39,181.714104,181.9283895
True,piano,90,78,182.03553225000002,182.24981775
False,piano,90,47,182.03553225000002,182.24981775
False,piano,90,39,182.03553225000002,182.24981775
True,piano,90,80,182.3569605,182.571246
False,piano,90,49,182.3569605,182.571246
False,piano,90,41,182.3569605,182.571246
True,piano,90,75,182.78553150000002,182.999817
True,piano,90,77,182.999817,183.2141025
True,piano,90,78,183.2141025,183.428388
True,piano,90,80,183.428388,183.6426735
False,piano,90,49,183.428388,183.6426735
False,piano,90,41,183.428388,183.6426735
True,piano,90,85,183.6426735,183.85695900000002
False,piano,90,49,183.74981625,183.96410175
False,piano,90,41,183.74981625,183.96410175
True,piano,90,83,183.85695900000002,184.0712445
True,piano,90,82,184.0712445,184.28553
False,piano,90,42,184.0712445,185.142672
False,piano,90,51,184.0712445,185.142672
True,piano,90,75,184.4998155,184.714101
True,piano,90,78,184.714101,184.92838650000002
True,piano,90,80,184.92838650000002,185.142672
True,piano,90,82,185.142672,185.7855285
False,piano,100,40,185.142672,185.3569575
False,piano,100,52,185.142672,185.3569575
False,piano,100,40,185.3569575,185.571243
False,piano,100,52,185.3569575,185.571243
False,piano,33,52,185.571243,185.7855285
True,piano,90,78,185.7855285,185.89267125
False,piano,43,40,185.7855285,185.99981400000001
True,piano,90,75,185.89267125,185.99981400000001
True,piano,90,78,185.99981400000001,186.856956
False,piano,56,52,185.99981400000001,186.2140995
False,piano,67,40,186.2140995,186.428385
False,piano,78,52,186.428385,186.6426705
False,piano,90,40,186.6426705,186.856956
False,piano,100,39,186.856956,187.0712415
False,piano,100,51,186.856956,187.0712415
False,piano,100,39,187.0712415,187.285527
False,piano,100,51,187.0712415,187.285527
False,piano,33,51,187.285527,187.49981250000002
True,piano,90,78,187.49981250000002,187.60695525
False,piano,43,39,187.49981250000002,187.714098
True,piano,90,78,187.60695525,187.714098
True,piano,90,87,187.714098,188.03552625
False,piano,56,51,187.714098,187.9283835
False,piano,67,39,187.9283835,188.142669
True,piano,90,83,188.03552625,188.3569545
False,piano,78,51,188.142669,188.3569545
True,piano,90,82,188.3569545,188.57124000000002
False,piano,90,39,188.3569545,188.57124000000002
True,piano,90,80,188.57124000000002,189.64266750000002
False,piano,100,38,188.57124000000002,188.7855255
False,piano,100,46,188.57124000000002,188.7855255
False,piano,100,46,188.89266825,189.2140965
False,piano,100,38,188.89266825,189.2140965
False,piano,60,38,189.2140965,189.428382
False,piano,60,46,189.2140965,189.428382
False,piano,100,38,189.428382,189.64266750000002
False,piano,100,46,189.428382,189.64266750000002
True,piano,90,80,189.64266750000002,189.856953
False,piano,100,46,189.74981025,190.0712385
False,piano,100,38,189.74981025,190.0712385
True,piano,90,82,189.856953,190.0712385
True,piano,90,83,190.0712385,190.285524
False,piano,60,38,190.0712385,190.285524
False,piano,60,46,190.0712385,190.285524
True,piano,90,85,190.285524,191.999808
False,piano,100,41,190.285524,190.4998095
False,piano,100,49,190.285524,190.4998095
False,piano,100,53,190.285524,190.4998095
False,piano,100,53,190.60695225,190.9283805
False,piano,100,49,190.60695225,190.9283805
False,piano,100,41,190.60695225,190.9283805
False,piano,70,41,190.9283805,191.142666
False,piano,70,49,190.9283805,191.142666
False,piano,70,53,190.9283805,191.142666
False,piano,100,41,191.142666,191.3569515
False,piano,100,49,191.142666,191.3569515
False,piano,100,53,191.142666,191.3569515
False,piano,100,53,191.46409425000002,191.7855225
False,piano,100,49,191.46409425000002,191.7855225
False,piano,100,41,191.46409425000002,191.7855225
False,piano,70,41,191.7855225,191.999808
False,piano,70,49,191.7855225,191.999808
False,piano,70,53,191.7855225,191.999808
True,piano,80,81,191.999808,192.142665
False,piano,100,53,191.999808,192.21409350000002
False,piano,100,41,191.999808,192.21409350000002
False,piano,100,49,191.999808,192.21409350000002
True,piano,50,61,192.21409350000002,192.2408791875
True,piano,50,63,192.2408791875,192.267664875
True,piano,50,65,192.267664875,192.2944505625
True,piano,50,67,192.2944505625,192.32123625
True,piano,50,69,192.32123625,192.3480219375
True,piano,80,81,192.32123625,192.46409325000002
False,piano,100,53,192.32123625,192.6426645
False,piano,100,49,192.32123625,192.6426645
False,piano,100,41,192.32123625,192.6426645
True,piano,50,71,192.3480219375,192.37480762500002
True,piano,50,73,192.37480762500002,192.4015933125
True,piano,50,75,192.4015933125,192.428379
True,piano,50,77,192.428379,192.4551646875
True,piano,50,79,192.4551646875,192.481950375
True,piano,50,81,192.481950375,192.5087360625
True,piano,50,83,192.5087360625,192.53552175000002
True,piano,50,85,192.53552175000002,192.5623074375
True,piano,50,87,192.5623074375,192.589093125
True,piano,50,89,192.589093125,192.6158788125
True,piano,50,91,192.6158788125,192.6426645
True,piano,50,93,192.6426645,192.66945018750002
True,piano,80,81,192.6426645,192.85695
False,piano,70,41,192.6426645,192.85695
False,piano,70,49,192.6426645,192.85695
False,piano,70,53,192.6426645,192.85695
True,piano,50,95,192.66945018750002,192.696235875
True,piano,50,97,192.696235875,192.7230215625
True,piano,50,99,192.7230215625,192.74980725
True,piano,50,101,192.74980725,192.7765929375
True,piano,50,103,192.7765929375,192.803378625
True,piano,50,105,192.803378625,192.83016431250002
True,piano,50,107,192.83016431250002,192.85695
True,piano,50,109,192.85695,192.8837356875
True,piano,80,81,192.85695,192.999807
False,piano,100,49,192.85695,193.0712355
False,piano,100,53,192.85695,193.0712355
False,piano,100,41,192.85695,193.0712355
True,piano,50,111,192.8837356875,192.910521375
False,piano,100,53,193.28552100000002,193.714092
False,piano,100,49,193.28552100000002,193.714092
False,piano,100,45,193.28552100000002,193.714092
True,piano,86,73,193.714092,193.9283775
True,piano,86,78,194.142663,194.46409125
False,piano,90,54,194.142663,195.42837600000001
False,piano,90,49,194.142663,195.42837600000001
False,piano,90,42,194.142663,195.42837600000001
True,piano,86,78,194.46409125,194.571234
True,piano,86,80,194.571234,194.7855195
True,piano,86,78,194.7855195,194.999805
True,piano,86,80,194.999805,195.2140905
True,piano,86,73,195.2140905,195.42837600000001
True,piano,86,82,195.42837600000001,195.856947
True,piano,86,82,195.856947,196.17837525000002
True,piano,86,83,196.17837525000002,196.285518
True,piano,86,82,196.285518,196.4998035
True,piano,86,80,196.4998035,196.714089
True,piano,86,80,196.714089,196.92837450000002
True,piano,86,78,196.92837450000002,197.14266
True,piano,86,73,197.14266,197.571231
True,piano,86,78,197.571231,197.89265925
False,piano,90,51,197.571231,197.99980200000002
False,piano,90,46,197.571231,197.99980200000002
False,piano,90,39,197.571231,197.99980200000002
True,piano,86,78,197.89265925,197.99980200000002
True,piano,86,80,197.99980200000002,198.2140875
False,piano,90,39,197.99980200000002,198.17837325
False,piano,90,46,197.99980200000002,198.17837325
False,piano,90,51,197.99980200000002,198.17837325
True,piano,86,78,198.2140875,198.428373
False,piano,85,51,198.285516,198.46408725
False,piano,85,46,198.285516,198.46408725
False,piano,85,39,198.285516,198.46408725
True,piano,86,80,198.428373,198.6426585
False,piano,75,50,198.57123,198.74980125000002
False,piano,75,45,198.57123,198.74980125000002
False,piano,75,38,198.57123,198.74980125000002
True,piano,86,73,198.6426585,198.856944
True,piano,86,82,198.856944,199.285515
False,piano,60,54,198.856944,199.285515
False,piano,60,49,198.856944,199.285515
True,piano,86,82,199.285515,199.60694325
False,piano,60,42,199.285515,199.714086
False,piano,60,54,199.285515,199.714086
True,piano,86,83,199.60694325,199.714086
True,piano,86,82,199.714086,199.9283715
False,piano,60,48,199.714086,200.142657
False,piano,60,54,199.714086,200.142657
True,piano,86,80,199.9283715,200.142657
True,piano,86,80,200.142657,200.3569425
False,piano,60,42,200.142657,200.57122800000002
False,piano,60,54,200.142657,200.57122800000002
True,piano,86,78,200.3569425,200.57122800000002
True,piano,86,75,200.57122800000002,200.999799
False,piano,60,47,200.57122800000002,200.7855135
False,piano,60,42,200.7855135,200.999799
True,piano,86,75,200.999799,201.32122725
False,piano,60,47,200.999799,201.2140845
False,piano,60,48,201.2140845,201.42837
True,piano,86,78,201.32122725,201.42837
True,piano,86,80,201.42837,201.64265550000002
False,piano,65,49,201.42837,201.64265550000002
True,piano,86,78,201.64265550000002,201.856941
False,piano,65,44,201.64265550000002,201.856941
True,piano,86,80,201.856941,202.0712265
False,piano,65,49,201.856941,202.0712265
True,piano,86,73,202.0712265,202.285512
False,piano,65,47,202.0712265,202.285512
True,piano,86,82,202.285512,202.71408300000002
False,piano,70,46,202.285512,202.4997975
False,piano,70,41,202.4997975,202.71408300000002
True,piano,86,80,202.71408300000002,202.9283685
False,piano,70,49,202.71408300000002,202.9283685
True,piano,86,78,202.9283685,203.142654
False,piano,70,46,202.9283685,203.142654
True,piano,86,78,203.142654,203.3569395
False,piano,75,45,203.142654,203.3569395
False,piano,75,39,203.3569395,203.571225
False,piano,75,45,203.571225,203.78551050000002
True,piano,86,82,203.78551050000002,204.2140815
False,piano,75,46,203.78551050000002,203.999796
False,piano,80,44,203.999796,204.2140815
True,piano,86,80,204.2140815,204.428367
False,piano,80,45,204.2140815,204.428367
True,piano,86,80,204.428367,204.6426525
False,piano,80,47,204.428367,204.6426525
True,piano,86,78,204.6426525,204.856938
False,piano,80,44,204.6426525,204.856938
True,piano,86,78,204.856938,205.0712235
False,piano,80,46,204.856938,205.0712235
True,piano,86,75,205.0712235,205.28550900000002
False,piano,80,47,205.0712235,205.28550900000002
True,piano,86,75,205.28550900000002,205.4997945
False,piano,80,51,205.28550900000002,205.71408
True,piano,86,77,205.4997945,205.71408
True,piano,86,78,205.71408,205.82122275
False,piano,89,53,205.71408,205.9283655
False,piano,89,49,205.71408,205.9283655
True,piano,86,77,206.03550825,206.35693650000002
False,piano,89,53,206.03550825,206.35693650000002
False,piano,89,49,206.03550825,206.35693650000002
True,piano,86,78,206.35693650000002,206.571222
False,piano,89,44,206.35693650000002,206.571222
False,piano,89,53,206.35693650000002,206.571222
True,piano,86,80,206.571222,206.7855075
False,piano,89,49,206.571222,206.7855075
False,piano,89,53,206.571222,206.7855075
False,piano,89,55,206.999793,207.42836400000002
True,piano,86,73,207.42836400000002,207.6426495
False,piano,90,42,207.42836400000002,207.6426495
False,piano,90,54,207.42836400000002,208.285506
False,piano,90,46,207.6426495,207.856935
True,piano,86,78,207.856935,208.285506
False,piano,90,49,207.856935,208.0712205
False,piano,90,46,208.0712205,208.285506
True,piano,86,80,208.285506,208.49979150000001
False,piano,90,42,208.285506,208.49979150000001
False,piano,90,54,208.285506,209.142648
True,piano,86,78,208.49979150000001,208.714077
False,piano,90,49,208.49979150000001,208.714077
True,piano,86,80,208.714077,208.9283625
False,piano,90,46,208.714077,208.9283625
True,piano,86,73,208.9283625,209.142648
False,piano,90,42,208.9283625,209.142648
True,piano,86,82,209.142648,209.571219
False,piano,90,41,209.142648,209.3569335
False,piano,90,53,209.142648,209.99979000000002
False,piano,90,47,209.3569335,209.571219
True,piano,86,82,209.571219,209.89264725
False,piano,90,44,209.571219,209.7855045
False,piano,90,47,209.7855045,209.99979000000002
True,piano,86,83,209.89264725,209.99979000000002
True,piano,86,82,209.99979000000002,210.2140755
False,piano,90,46,209.99979000000002,210.2140755
False,piano,90,58,209.99979000000002,210.856932
True,piano,86,80,210.2140755,210.428361
False,piano,90,50,210.2140755,210.428361
True,piano,86,80,210.428361,210.6426465
False,piano,90,53,210.428361,210.6426465
True,piano,86,78,210.6426465,210.856932
False,piano,90,50,210.6426465,210.856932
True,piano,86,73,210.856932,211.285503
False,piano,90,39,210.856932,211.07121750000002
False,piano,90,51,210.856932,211.714074
False,piano,90,46,211.07121750000002,211.285503
True,piano,86,78,211.285503,211.60693125
False,piano,90,42,211.285503,211.4997885
False,piano,90,41,211.4997885,211.714074
True,piano,86,78,211.60693125,211.714074
True,piano,86,80,211.714074,211.9283595
False,piano,90,39,211.714074,211.9283595
False,piano,90,51,211.714074,212.14264500000002
True,piano,86,78,211.9283595,212.14264500000002
False,piano,90,46,211.9283595,212.14264500000002
True,piano,86,80,212.14264500000002,212.3569305
False,piano,90,51,212.14264500000002,212.571216
True,piano,86,73,212.3569305,212.571216
False,piano,90,50,212.3569305,212.571216
True,piano,86,82,212.571216,212.999787
False,piano,90,49,212.571216,212.7855015
False,piano,90,54,212.571216,213.428358
False,piano,90,42,212.7855015,212.999787
True,piano,86,82,212.999787,213.32121525
False,piano,90,49,212.999787,213.21407250000001
False,piano,90,49,213.21407250000001,213.428358
True,piano,86,83,213.32121525,213.428358
True,piano,86,85,213.428358,213.64264350000002
False,piano,90,48,213.428358,213.856929
False,piano,90,54,213.428358,214.2855
True,piano,86,82,213.64264350000002,213.856929
True,piano,86,80,213.856929,214.0712145
False,piano,90,42,213.856929,214.0712145
True,piano,86,82,214.0712145,214.2855
False,piano,90,48,214.0712145,214.2855
True,piano,86,78,214.2855,214.71407100000002
False,piano,90,47,214.2855,214.4997855
False,piano,90,54,214.2855,215.142642
False,piano,90,42,214.4997855,214.71407100000002
False,piano,90,47,214.71407100000002,214.9283565
True,piano,86,78,214.9283565,215.142642
False,piano,90,48,214.9283565,215.142642
True,piano,86,77,215.142642,215.3569275
False,piano,90,49,215.142642,215.3569275
False,piano,90,56,215.142642,215.999784
True,piano,86,78,215.3569275,215.571213
False,piano,90,44,215.3569275,215.571213
True,piano,86,80,215.571213,215.78549850000002
False,piano,90,49,215.571213,215.78549850000002
True,piano,86,73,215.78549850000002,215.999784
False,piano,90,47,215.78549850000002,215.999784
True,piano,86,82,215.999784,216.428355
False,piano,90,46,215.999784,216.2140695
False,piano,90,53,215.999784,216.85692600000002
False,piano,90,41,216.2140695,216.428355
True,piano,86,81,216.428355,216.6426405
False,piano,90,49,216.428355,216.6426405
True,piano,86,82,216.6426405,216.85692600000002
False,piano,90,46,216.6426405,216.85692600000002
True,piano,86,87,216.85692600000002,217.285497
False,piano,90,45,216.85692600000002,217.0712115
False,piano,90,49,216.85692600000002,217.714068
False,piano,90,39,217.0712115,217.285497
False,piano,90,45,217.285497,217.4997825
True,piano,86,82,217.4997825,217.92835350000001
False,piano,90,46,217.4997825,217.714068
False,piano,90,35,217.714068,217.92835350000001
False,piano,90,47,217.714068,218.57121
True,piano,86,80,217.92835350000001,218.142639
False,piano,90,37,217.92835350000001,218.142639
True,piano,86,80,218.142639,218.35692450000002
False,piano,90,39,218.142639,218.35692450000002
True,piano,86,78,218.35692450000002,218.57121
False,piano,90,35,218.35692450000002,218.57121
True,piano,86,78,218.57121,218.999781
False,piano,90,37,218.57121,218.7854955
False,piano,90,49,218.57121,219.42835200000002
False,piano,90,39,218.7854955,218.999781
True,piano,86,77,218.999781,219.42835200000002
False,piano,90,41,218.999781,219.2140665
False,piano,90,37,219.2140665,219.42835200000002
True,piano,86,78,219.42835200000002,219.856923
False,piano,90,42,219.42835200000002,219.6426375
False,piano,90,49,219.42835200000002,219.856923
False,piano,90,37,219.6426375,219.856923
False,piano,90,49,219.856923,220.285494
False,piano,90,42,220.0712085,220.285494
True,piano,86,79,220.285494,220.714065
False,piano,90,43,220.285494,220.49977950000002
False,piano,90,49,220.285494,220.714065
False,piano,90,37,220.49977950000002,220.714065
False,piano,90,49,220.714065,221.142636
True,piano,86,78,220.9283505,221.03549325
False,piano,90,43,220.9283505,221.142636
True,piano,86,80,221.03549325,221.142636
True,piano,86,82,221.142636,221.3569215
False,piano,90,44,221.142636,221.3569215
False,piano,90,51,221.142636,221.999778
True,piano,86,80,221.3569215,221.57120700000002
False,piano,90,43,221.3569215,221.57120700000002
True,piano,86,80,221.57120700000002,221.7854925
False,piano,90,42,221.57120700000002,221.7854925
True,piano,86,78,221.7854925,221.999778
False,piano,90,39,221.7854925,221.999778
True,piano,86,78,221.999778,222.428349
False,piano,90,37,221.999778,222.2140635
False,piano,90,49,221.999778,222.2140635
True,piano,86,77,222.428349,222.85692
True,piano,86,78,222.85692,223.07120550000002
False,piano,89,35,222.85692,223.285491
True,piano,86,86,223.17834825,223.39263375000002
False,piano,89,47,223.17834825,223.39263375000002
False,piano,89,35,223.285491,223.714062
True,piano,86,78,223.4997765,223.714062
False,piano,89,47,223.4997765,223.714062
True,piano,86,90,223.714062,223.9283475
False,piano,89,35,223.714062,223.9283475
False,piano,89,47,223.714062,224.14263300000002
True,piano,86,86,224.03549025,224.24977575
False,piano,89,35,224.03549025,224.24977575
False,piano,89,47,224.14263300000002,224.571204
True,piano,86,78,224.3569185,224.571204
False,piano,89,35,224.3569185,224.571204
True,piano,86,87,224.571204,225.428346
False,piano,89,34,224.571204,224.999775
False,piano,89,46,224.89263225000002,225.10691775
False,piano,89,34,224.999775,225.428346
False,piano,89,46,225.21406050000002,225.428346
True,piano,86,82,225.428346,226.28548800000002
False,piano,89,34,225.428346,225.6426315
False,piano,89,46,225.428346,225.856917
False,piano,89,34,225.74977425,225.96405975000002
False,piano,89,46,225.856917,226.28548800000002
False,piano,89,34,226.0712025,226.28548800000002
True,piano,86,85,226.28548800000002,229.714056
False,piano,89,32,226.28548800000002,226.714059
False,piano,89,44,226.60691625,226.82120175
False,piano,89,32,226.714059,227.14263
False,piano,89,44,226.9283445,227.14263
False,piano,89,28,227.14263,227.571201
False,piano,89,40,227.14263,227.571201
True,piano,86,61,229.714056,233.03548125
False,piano,89,42,229.714056,231.32119725
True,piano,86,63,229.76762737500002,238.28101171875
True,piano,86,68,229.82119875,238.28101171875
False,piano,89,49,231.32119725,231.42834000000002
False,piano,89,54,231.42834000000002,233.03548125
True,piano,65,61,233.03548125,233.142624
True,piano,65,66,233.142624,238.28101171875
